"","d__Bacteria;p__Bacteroidota;c__Bacteroidia;o__Bacteroidales","d__Bacteria;p__Proteobacteria;c__Gammaproteobacteria;o__Enterobacterales_A_737866","d__Bacteria;p__Firmicutes_D;c__Bacilli;o__Lactobacillales","d__Bacteria;p__Firmicutes_A;c__Clostridia_258483;o__Oscillospirales","d__Bacteria;p__Firmicutes_A;c__Clostridia_258483;o__Lachnospirales","d__Bacteria;p__Firmicutes_A;c__Clostridia_258483;o__Clostridiales","d__Bacteria;p__Proteobacteria;c__Gammaproteobacteria;o__Pseudomonadales_650611","d__Bacteria;p__Firmicutes_A;c__Clostridia_258483;o__Peptostreptococcales","d__Bacteria;p__Fusobacteriota;c__Fusobacteriia;o__Fusobacteriales_993521","d__Bacteria;p__Proteobacteria;c__Gammaproteobacteria;o__Pseudomonadales_660879"
"Physiculus_rastrelliger",0,0.075829384,0,0,0,0,0.146919431,0,0,0
"Halichoeres_semicinctus",0,0.254988914,0,0,0,0,0.039911308,0,0,0
"Equus_ferus",0.25,0,0.006355932,0.186440678,0.146186441,0.031779661,0,0.029661017,0,0
"Ursus_maritimus",0.004123711,0.146391753,0.224742268,0,0,0.057731959,0.082474227,0.156701031,0.249484536,0
"Ovis_ammon",0.061682243,0,0.001869159,0.155140187,0.054205607,0,0,0,0,0
"Ailuropoda_melanoleuca",0,0,0.190053286,0,0,0.76731794,0,0,0,0
"Katsuwonus_pelamis",0,0,0,0,0.003478261,0,0.003478261,0,0,0
"Ovis_canadensis",0.057189542,0,0.006535948,0.217320261,0.130718954,0,0,0.029411765,0,0
"Parophrys_vetulus",0.184375,0.084375,0,0,0,0.00625,0.003125,0,0.1328125,0.0078125
"Kyphosus_azureus",0,0.00761035,0,0,0,0.00456621,0.00456621,0,0,0
"Umbrina_roncador",0,0.083207262,0,0,0,0,0.143721634,0,0,0
"Semicossyphus_pulcher",0,0.033829499,0,0,0,0,0.097428958,0,0,0.00947226
"Roncador_stearnsii",0.01558753,0.029976019,0,0,0,0,0,0.002398082,0,0
"Syngnathus_leptorhynchus",0,0.032745592,0,0.002518892,0,0,0.011335013,0,0,0
"Ceratoscopelus_townsendi",0.007263923,0.033898305,0,0.002421308,0.002421308,0,0,0,0,0
"Stomias_atriventer",0.002171553,0.030401737,0.02062975,0,0,0,0.006514658,0,0,0.345276873
"Anisotremus_davidsonii",0,0.085620198,0,0,0,0,0,0,0,0
"Gymnura_marmorata",0.019408503,0,0,0,0,0,0.003696858,0,0,0
"Facciolella_equatorialis",0.001768347,0.07780725,0.001768347,0,0,0,0.008841733,0,0,0.024756852
"Embiotoca_jacksoni",0,0.16123348,0,0,0,0,0.010572687,0,0,0.002643172
"Heterodontus_francisci",0.043881857,0.037130802,0,0.019409283,0.572995781,0,0.040506329,0,0,0
"Rhacochilus_toxotes",0,0.275834011,0,0,0,0,0,0,0,0
"Hypsopsetta_guttulata",0,0.029654036,0,0.012355848,0.008237232,0.001647446,0,0.00247117,0,0
"Dendroctonus_micans",0,0.958722741,0.002336449,0,0,0,0,0,0,0.009345794
"Scomber_japonicus",0.00933126,0.090202177,0.034992224,0,0.00622084,0.01088647,0.008553655,0,0,0
"Lycodes_cortezianus",0,0.007431874,0,0,0,0,0,0,0,0.006606111
"Proscylliidae",0,0.015635622,0,0,0,0,0,0,0,0
"Fundulus_parvipinnis",0.00180072,0,0,0,0,0,0.0030012,0,0,0
"Sebastes_constellatus",0,0.011785504,0,0,0,0,0.016499705,0,0,0.095462581
"Leuroglossus_stilbius",0,0.100775194,0,0,0,0,0.008305648,0,0.014396456,0.015503876
"Atelerix_albiventris",0.00952381,0.035978836,0.027513228,0,0.033862434,0.677248677,0,0.08042328,0,0
"Dendroctonus_ponderosae",0,0.286231884,0.018115942,0,0,0,0.615942029,0,0,0
"Sebastes_semicinctus",0,0.001490313,0,0,0,0,0,0,0,0.000993542
"Citharichthys_xanthostigma",0,0.06355715,0,0,0,0,0,0,0,0
"Myliobatis_californica",0.012711864,0,0.004237288,0,0,0,0,0,0,0.009322034
"Scylla_paramamosain",0,0.654515327,0,0,0,0.001657001,0,0.006213753,0,0
"Microstomus_pacificus",0.011022044,0.079158317,0,0,0,0,0.002004008,0.014529058,0,0
"Phanerodon_furcatus",0.00116189,0.014329977,0.00929512,0,0.000774593,0,0,0,0,0.00464756
"Engraulis_mordax",0.001758087,0.438466948,0,0,0,0,0,0,0,0.029535865
"Sebastes_serriceps",0,0.00063593,0,0,0,0,0,0,0,0.00254372
"Stereolepis_gigas",0,0.94587156,0,0,0,0.005810398,0,0,0.003669725,0.006422018
"Paralabrax_clathratus",0,0.038438617,0,0,0,0.001191895,0.022943981,0,0,0.054231228
"Carcharias",0.0309626,0.110974862,0.002452483,0,0,0,0.377988964,0,0,0
"Synodus_lucioceps",0,0.01468144,0.010249307,0,0,0,0,0,0.010803324,0
"Cheilotrema_saturnum",0,0.654354273,0,0.000539229,0.001078458,0.337287679,0.001887301,0,0,0.002156916
"Brachyistius_frenatus",0.002311604,0.172907998,0,0,0,0,0.001849283,0,0,0
"Dendroctonus_adjunctus",0,0.194894975,0.003988301,0,0,0,0.032969955,0,0,0
"Lycodes_diapterus",0.001052078,0.006838506,0,0,0,0,0.022356654,0,0,0.254602841
"Pteroplatytrygon_violacea",0.234574613,0.050013591,0.12992661,0.081272085,0.143245447,0.010328894,0.008426203,0.023919543,0,0.008969829
"Glyptocephalus_zachirus",0.02007412,0.063001853,0,0.001544163,0.00123533,0,0.002161828,0.012662137,0,0
"Crematogaster_sp.",0.027178054,0.080772162,0.003810008,0.003048006,0.001778004,0,0.010414021,0,0,0.036322073
"Symphurus_atricaudus",0.002128792,0.101649814,0,0,0,0,0.012506652,0,0,0
"Seriola_dorsalis",0,0.423294811,0.004985271,0,0,0,0.002492635,0,0,0.0140494
"Atherinops_affinis",0,0.000596421,0.000397614,0,0.000397614,0,0,0,0,0
"Lyconema_barbatum",0.009816475,0.021340162,0,0,0,0.000640205,0.008322663,0,0,0.002774221
"Nannobrachium_ritteri",0.001387512,0.10604559,0,0,0,0,0.008325074,0,0,0.440237859
"Mustelus_californicus",0.001753019,0.014608492,0,0,0,0,0.565640826,0,0,0
"Menticirrhus_undulatus",0,0.066336634,0,0,0,0.00039604,0,0,0,0
"Clevelandia_ios",0.006413884,0.539898132,0.003206942,0.000377287,0,0.14978306,0.006225241,0.001509149,0.000943218,0
"Triakis_semifasciata",0,0.003150709,0,0,0,0,0.983371259,0,0,0
"Chromis_punctipinnis",0.000844737,0.034634229,0,0,0,0.003378949,0.000844737,0.000506842,0,0
"Lyopsetta_exilis",0,0.003333333,0,0,0,0,0,0,0,0
"Girella_nigricans",0.000494478,0.046975441,0,0,0,0.000659304,0,0,0,0
"Argyropelecus_affinis",0.044196212,0.081107334,0.032540068,0.015784361,0.025012142,0,0.000485673,0.000971345,0,0.010199126
"Sebastes_chlorostictus",0,0.949733793,0,0,0,0,0.003758221,0,0,0
"Seriphus_politus",0.000407083,0.033177285,0,0,0,0,0.035416243,0,0.001017708,0.038265825
"Dendroctonus_approximatus",0,0.582716422,0,0,0,0,0.028252002,0,0,0
"Triphoturus_mexicanus",0.000595238,0.120833333,0.000446429,0,0,0,0.406845238,0,0,0.309375
"Sebastes_carnatus",0,0.230310263,0,0,0,0.002834129,0.001640811,0,0.000596659,0.018943914
"Gillichthys_mirabilis",0,0.00622665,0,0,0,0,0,0,0,0
"Penaeus_vannamei",0.009938614,0.56810874,0,0,0,0,0,0,0,0
"Sciurus_vulgaris",0.638264129,0,0.089821223,0.103229527,0.10899654,0,0.000432526,0,0,0
"Procryptocerus_scabriusculus",0,0.019189438,0,0,0,0,0,0,0,0
"Medialuna_californiensis",0,0.055039414,0,0,0,0,0.392173423,0,0.000422297,0.117398649
"Sebastes_miniatus",0,0.004514364,0,0,0,0,0.002188782,0,0,0
"Martes_martes",0,0.063466878,0.05910353,0.033716779,0.071400238,0.479968267,0,0.14200714,0.048393495,0.00793336
"Trachurus_symmetricus",0,0.694366197,0,0.007444668,0.003219316,0.008450704,0,0,0,0
"Caulolatilus_princeps",0.000785443,0.003534494,0,0,0,0,0.000654536,0,0.005629009,0
"Nezumia_stelgidolepis",0.021068859,0.00385406,0,0.02389517,0.005652621,0,0,0.003597122,0,0
"Dendroctonus_mexicanus",0,0.721344369,0.005392526,0,0,0,0.095309757,0,0,0.034361675
"Martes_foina",0,0,0.002272358,0,0,0.987988963,0,0.000649245,0,0
"Anodorhynchus_hyacinthinus",0.005354919,0.058281445,0.037608966,0,0,0,0.043835616,0,0,0.058032379
"Lissotriton_vulgaris",0.00085491,0.002442599,0,0,0.00024426,0,0.028578407,0,0,0.041890572
"Holothuria_glaberrima",0,0.131373014,0.628171686,0,0,0,0.02217216,0,0,0.002727057
"Dendroctonus_jeffreyi",0.003016941,0.09596194,0.002204688,0,0,0,0.852866094,0,0.000464145,0.000232072
"Citharichthys_sordidus",0.000583839,0.011910322,0,0.000583839,0,0.000350304,0.02954227,0,0,0.023820645
"Sphyraena_argentea",0,0.004724223,0,0,0,0,0,0,0.000236211,0
"Eptatretus_stoutii",0.007559916,0.004825479,0.003377835,0,0,0,0,0.001608493,0,0
"Dendroctonus_valens",0,0.844818347,0.018111671,0,0,0,0.104597578,0,0,0.002036223
"Xeneretmus_latifrons",0.010092712,0.039431992,0,0,0.000234714,0.001056214,0.027226851,0.000352071,0,0.00856707
"Merluccius_productus",0.000623441,0.001974231,0,0,0,0,0.875623441,0,0,0
"Acryllium_vulturinum",0,0.005151633,0.884720062,0,0.004179627,0.02653577,0,0.002916019,0.03742224,0
"Pseudomyrmex_pallidus",0.04168567,0.012222932,0.001459455,0.070236249,0.044148499,0,0.014320898,0,0,0.002280398
"Chlorophthalmus_albatrossis",0,0.941241197,0,0,0,0,0,0,0.058758803,0
"Gymnothorax_mordax",0.009073789,0.694059236,0.002568053,0.000684814,0.003252868,0.041088855,0,0.009073789,0.001968841,0.002739257
"Leptocottus_armatus",0.005053191,0.05,0.000797872,0,0,0,0.225265957,0.001861702,0,0.04893617
"Salvelinus_fontinalis",0.000171984,0.695072663,0.006105426,0.000171984,0,0.063634018,0,0.003009717,0.220569266,0
"Paralabrax_nebulifer",0,0.027791943,0,0,0,0,0.169811321,0,0,0.068672446
"Bufotes_viridis",0.001247194,0.08813503,0,0,0,0.697181342,0.001746071,0.007150578,0.001247194,0.038579862
"Sardinops_sagax",0,0.035665184,0,0,0,0,0,0,0,0
"Sebastes_mystinus",0,0.018465794,0,0,0,0,0.002765802,0,0,0.002115025
"Cynoscion_parvipinnis",0,0.476951056,0,0,0,0.404918162,0,0.0410374,0.044990907,0
"Calidris_alpina",0.005587875,0.049142682,0.198407838,0.034981629,0.016993264,0.115508267,0,0.006276791,0.257654623,0
"Sebastes_hopkinsi",0,0.005049186,0,0,0,0,0,0,0,0
"Sceloporus_grammicus",0.545671691,0.002388601,0.054773083,0.033193312,0.080224034,0.000247097,0,0.010295692,0.008977844,0
"Sebastes_dallii",0,0.001074744,0,0,0,0,0.00048852,0,0,0
"Sebastes_umbrosus",0,0.004904114,0,0,0,0.000658762,0.000146391,0,0.00051237,0.001463915
"Hemidactylus_frenatus",0.017885533,0.033942766,0.316613672,0.013672496,0.079570747,0.001192369,0,0,0,0
"Astrochelys_yniphora",0.000931366,0.00265081,0,0.000501505,0.039547213,0.015331709,0.123871615,0,0,0.033170941
"Elaphe_schrenckii",0.01484781,0.141870824,0.038827023,0,0,0.003786192,0.056644395,0,0,0.01722346
"Pteronura_brasiliensis",0.227189781,0.00133352,0.003228523,0.066044357,0.053551376,0.131737788,0.001403706,0.10801516,0.222627737,0.010317238
"Myiarchus_cinerascens",0,0.027410208,0.916824197,0,0,0,0,0,0,0
"Paralabrax_maculatofasciatus",0,0.039527087,0,0,0,0.00035292,0.000441151,0,0.00035292,0
"Sarda_chiliensis",0.001663894,0.073610649,0.002529118,0,0,0.000133111,0,0,0,0
"Dendroctonus_frontalis",0.0003621,0.992275196,0,0,0,0,0,0,0,0.001750151
"Sebastes_diploproa",0.000242307,0.005149019,0,0,0,0,0,0.00072692,0,0
"Schistocerca_gregaria",0,0.594605834,0.318719183,0,0,0.001544585,0,0.001306957,0,0
"Chlamyphorus_truncatus",0.44224281,0.098805762,0.005462432,0.020350238,0.140202431,0.019761152,0,0.005248219,0.048519252,0
"Paralichthys_californicus",0.001929571,0.738328777,0.000482393,0.00396634,0.001661575,0.02567401,0.007664683,0,0.037948223,0.000803988
"Asio_otus",0.138453687,0.000714468,0.040928808,0.172135749,0.471293697,0.011431488,0.000459301,0.004899209,0.003215106,0
"Numida_meleagris",0.01047845,0.314106366,0.000988533,0,9.89e-05,0.000543693,0.010873863,0,0,0.006178331
"Azteca_adrepens",0.008253233,0.014594132,0.000855518,0.005384732,0.008706155,0.000503246,0.002365256,0,0,0.001006492
"Sander_lucioperca",0,0,0,0,0,0.967285417,0,0.025299278,0,0
"Falco_tinnunculus",0.001395998,0.133550489,0.082829223,0.003257329,0.041879944,0.580735226,0.001395998,0.062819916,0,0
"Pauxi_pauxi",0.018137848,0.057170496,0.025973398,0,0,0.001305925,0.008029021,0.005562273,0,0.03617896
"Heterostichus_rostratus",0.000834643,0.00044187,0.00029458,0,0,9.82e-05,0.922280047,0,0,0
"Corvus_frugilegus",0.023719524,0.003921754,0.066008316,0,0.000378,0,0.001228501,9.45e-05,0,0.00023625
"Rollulus_rouloul",0.076789811,0.088636044,0.03984642,0,0.00107693,0.001170576,0.023786112,0.003839491,0,0.041391581
"Thryomanes_bewickii",0.040186125,0.253384095,0.537225042,0,0.029187817,0,0.008037225,0,0,0
"Atherinopsis_californiensis",0.007064201,0.567213796,0.003739871,0.008934137,0.011011843,0.048410555,0.001038853,0.002285477,0,0.005402036
"Coturnix_coturnix",0.003897369,0.152430443,0.143877882,0,0.004871712,0,0.009526903,0.001299123,0,0.121576269
"Probosciger_aterrimus",0.022438685,0.045834058,0.011306314,0,0,0,0.056618542,0.000739259,0,0.033179683
"Phyllobates_bicolor",0.003942126,0.031411197,0,0.003313064,0.004109876,0.059048018,0.169721116,0.000796813,0,0.019417069
"Corvus_corone",0.000290601,0.050813683,0.017892727,0,0.000207572,0.881766855,0,0.041223846,0,0.001328462
"Lanius_ludovicianus",0.239726613,0.239769329,0.09867578,0.047800085,0.047330201,0.014566425,0.112046134,0.002733874,0,0
"Leiothlypis_ruficapilla",0.015530788,0.621962361,0.057189841,0.0060296,0,0.00036543,0,0.006577745,0,0
"Leuciscus_aspius",0.000403181,0.019755892,0.000183264,0,0.000403181,0.068174321,0,0.377634424,0.503207125,0.000146611
"Threskiornis_aethiopicus",0.016965092,0.109614806,0.081251881,0,0,0,0.016889859,0.001692748,0,0.044387602
"Balearica_pavonina",0.010186697,0.047703556,0.008163555,0,0,0,0.012209839,0,0,0.011641939
"Notorhynchus_cepedianus",0.091597408,0.002782082,0.000246514,0.026517819,0.104028736,0.00028173,0.00056346,0.001479082,0,0
"Hypsoblennius_gilberti",0,0.000335211,0,0,0,0,0.983675248,0,0,0
"Rana_dalmatina",0.027084542,0.003611272,0.004191655,0.034436061,0.045302122,0.000257948,0,0.000967305,0.000354679,0
"Cyprinus_carpio",0.011635888,0.758097728,0.001078608,0.000947867,0.000915182,0.173525086,0,0.003203138,0.023598627,0
"Albula_vulpes",0.112959801,0.153158467,0,0,0.002390191,0.003476641,0.000403539,0.598944591,6.21e-05,0
"Nerodia_sipedon",0.054048319,0.522568129,0.0131559,0.00348601,0.009578951,0.060959714,0,0.018248507,0.294583043,0.001818788
"Manis_pentadactyla",0.018607443,0.004158806,0.082833133,0.001714972,0.004630424,0.021394272,0.001157606,0.017964329,0.023409364,0.164422912
"Chloris_chloris",0.001583238,0.234420265,0.733140201,0,0,0.006063464,0.002155898,0,0,0
"Porichthys_notatus",0.003356096,0.916885543,0.000233468,0.000642036,0.000642036,0.001400805,0,0.007441779,0,0
"Proteles_cristata",0.106771654,0.007129563,0.127329993,0.076449535,0.203636364,0.124810308,0,0.086614173,0.00329277,0.000114531
"Myripristis_berndti",0.029923103,0.050986292,0,0.007940488,0.025548869,0.734230469,0.003900591,0.06976485,0.023849326,0
"Zaedyus_pichiy",0.114280394,0.078338868,0.04578044,0.041062727,0.065272044,0.008938825,0,0.022316025,0.002855458,0.006393743
"Acrocephalus_scirpaceus",0.037267581,0.002441577,0.861420407,0.000187814,0.000402458,0.00155617,0.000429288,0.000160983,0.001824475,0
"Saguinus_oedipus",0.050252215,0.024894342,0.023094751,0.01540559,0.012760736,0.010006817,0.030674847,0.007743695,0.002399455,0.048398091
"Myrsidea",0.019757183,0.006749114,0.019040796,0.000904909,0.01210316,0.000791795,0.022434206,0.002563909,0.000263932,0.043888093
"Cacatua_haematuropygia",0,0.003260363,0,0,0,0.010829064,0.006287844,0,0,0.000698649
"Cacatua_moluccensis",0.000275264,0.543853009,0.02611568,0,0,0,0.001066648,0,0,0.00051612
"Testudo_hermanni",0.064717542,0.001090188,0.027428147,0.179063429,0.143607532,0.032111001,0.000173439,0.032011893,0.04197225,0.004088206
"Gibbonsia_elegans",0,0.00022087,0,0,0,0,0.980956121,0,0,0
"Prinia_flavicans",0,0.440432987,0.430015017,0,0,0.024715305,0.00872857,0.000813415,0,0.009792266
"Cercotrichas_paena",0.026033774,0.652359818,0.116908422,0,0,0.000676553,0.011744966,0,0,0.016534964
"Sebastes_auriculatus",0.000142786,0.776040551,0.000690131,0,4.76e-05,0.210585184,7.14e-05,0,0.002855715,0
"Incilius_signifer",0.007782734,0.093787752,0,0.006667596,0.000348481,0.007480717,0.017145247,0.004112071,0,0.012382678
"Bubulcus_ibis",0.000592242,0,0.996545257,0,0,0.00128319,0,0,0.000493535,0.001085776
"Cercopithecus_wolfi",0.247270814,0.046889386,0.007497041,0.124797229,0.003047043,0,0.199789557,0.003595072,0,0.015279057
"Urocolius_macrourus",0.570333256,0.025215567,0.072920065,0.00142158,0.021300396,0.002610114,0.03619203,0,0,0.006035889
"Carassius_gibelio",0.000480088,0.436712355,0.012602319,0.000672124,7.2e-05,0.005016923,0.02489258,0.000720133,0.081639022,0.02037975
"Lynx_rufus",0.26185807,0.021227076,0.022972653,0.030256664,0.258754822,0.022929552,0.00066806,0.163200655,0.041635239,0
"Tragelaphus_imberbis",0.41242284,0,0.000107167,0.202117627,0.10727452,0,0,0.00370799,0,0
"Telophorus_zeylonus",0.002062348,0.070011289,0.002561653,0.000390761,0.000173671,0.00060785,0.120636506,0,0.000260507,0.032433137
"Heteromys_desmarestianus",0.521037028,0.001619042,0.082760361,0.27677201,0.025189764,0.001282617,0,0.000925167,0,6.31e-05
"Theloderma_corticale",0.646427001,0.000837503,0.003203451,0.091497247,0.116580474,0.026465108,0,0.002261259,0.000125626,0
"Kobus_ellipsiprymnus",0.313464106,0.000718907,0.00100647,0.206367464,0.030173565,0.00895553,0,0.012200883,0.027380097,0.018917531
"Mercenaria_mercenaria",0.01157619,0.027396982,0,0,0.001381019,0,0.006641077,0.005828713,0.000182782,0.00069051
"Pseudechis_papuanus",0.016056429,0.9144327,4.02e-05,0.000200957,0.03325831,0,0,0.000200957,0.000582774,0.001105261
"Panthera_uncia",0.012266103,0.001056308,0.015930844,0.001552126,0.094679659,0.105911011,0.000150901,0.235319479,0.359618867,0.005928257
"Cacatua_galerita",0.822113876,0.013350353,0.020820691,0.00062776,0.005168553,0.001255519,0.034715102,0.000125552,0.00196698,0.001841428
"Lepidobatrachus_asper",0.407793217,0.012581642,0,0.052065795,0.035284105,0.018002849,0.008973671,0.025237293,0.00658686,0.000222029
"Parus_major",0.061229563,0.083985085,0.491863467,0.008241706,0.01413137,0,0.006233866,0.025279663,0.007495937,0.006979635
"Phoca_vitulina",0.008331972,0.005736172,0.002178293,5.45e-05,0.08295667,0.112926356,0,0.688558514,0.000272287,0.001470348
"Varanus_albigularis",0.323437786,0.048256063,0.012196363,0.074420215,0.031844929,0.009997353,0,0.051350966,0.00792051,0
"Crocidura_suaveolens",0,0.932603594,0.000752432,0.000483706,0.00014332,0.006843548,0.000376216,0.000125405,0,0.003815905
"Turdus_merula",0.179572997,0.294838081,0.453851671,0.001287262,0.028724324,0.00503871,0.002776807,0.000551684,0.003604333,0.000147116
"Chrysococcyx_basalis",0.311066201,0.001456558,0.011379361,0.020064089,0.19856529,0.000218484,0,0.004023742,0,0
"Spatula_discors",0.012885165,0.077310991,0.052195839,0.001072109,0.000992694,0.004248729,0.000198539,0.002064803,0.000555909,0.06480305
"Contopus_sordidulus",0.002252179,0.237098933,0.485981003,0.003916833,0.003851552,0.001501452,0.001697294,0.153703039,0,0
"Gallus_gallus",0.009032301,0.002031428,0.02538446,5.04e-05,0.056577799,0.206399839,0.000285407,0.386794037,0.000117521,0.000268619
"Tragelaphus_angasii",0.337631675,0,0.000379751,0.282452201,0.099065482,0,6.6e-05,0.021959515,0,0
"Dolichotis_patagonum",0.012002964,0.13227428,0.025858736,0,0,0,0.44723529,6.44e-05,0.005655088,0.288667268
"Pygathrix_nemaeus",0.128620656,0,0.000292578,0.047934072,0.051753844,0.00336465,0.045967296,0.001836741,0,0.187412633
"Phocoena_phocoena",0.006860279,0.010568096,0,0.110662834,0.268057234,0.064029271,0.000196008,0.018735095,0.516824018,0
"Mandrillus_leucophaeus",0.348134621,0.023291204,0.010011694,0.174555881,0.19145562,0.019927275,0.000224262,0.025870216,0,0.005446361
"Podarcis_siculus",0.121094059,0.771780618,0.008267211,0.003009138,0.008869039,0,0,0.000380102,0.000158376,0.000570153
"Polyplax_arvicanthis",0.017887961,0.008885676,0.014296376,0.00223891,0.008512524,0,0.01364336,0.002332198,0.00247213,0.044241802
"Caprimulgus_europaeus",0.000251873,0.542582331,0.440699578,0.000645425,0.000661167,0.010311064,0.000110195,0.000645425,0.000141679,0.000661167
"Priodontes_maximus",0.042020437,0.000315693,0.023510842,0.096053834,0.117770209,0.04939769,0.00076431,0.051690621,0,0.00036554
"Anthonomus_grandis",0.033784793,0.213812677,0.019120649,0.009037494,0.002663945,0.003834089,0.195115272,0.003336155,0.000871384,0.037967435
"Puma_yagouaroundi",0.038306547,0,0.003524076,0.00015803,0.15995828,0.021365698,0,0.637952559,0.079663079,0
"Philander_opossum",0.873391844,0.001444842,0.027175333,0.050062251,0.016046973,0,0,0.000169077,4.61e-05,0
"Potomida_littoralis",0.001713643,0.007340529,0.002404215,0.00196941,0.00757072,0.01245588,0.002148447,0.012097806,0.136682183,0.021586782
"Columba_guinea",0.020702139,0.001186456,0.914727267,0.003315993,0.011803718,0.002388123,0,0.000973502,0,0
"Alcelaphus_buselaphus",0.314562598,0.000539241,0.000939821,0.308815826,0.078436508,0.002295628,6.16e-05,0.021662096,0.026345792,6.16e-05
"Leuciscus_idus",0.013833209,0.124990096,0.008699235,0.01372229,0.008651698,0.002646215,0.000158456,0.030344325,0.74878385,0.000760589
"Aulostomus_chinensis",0.019657522,0.142530142,0.002323956,0.012598288,0.010169492,0.348750655,0.033024637,0.017019046,0.005853573,0.015498864
"Natrix_natrix",0.093562154,0.301109041,0.008295263,0.000390719,0.00198365,0.00447824,0.386571291,0.000631161,0.029995191,0.004703655
"Crassostrea_gigas",0.018600186,0.008535085,0,0,0.000360004,0,0.02503525,0.008235082,0.000600006,0
"Odocoileus_virginianus",0.310866535,0,0,0.330207645,0.081722797,0.000161421,0,0.017271994,0,0.000102722
"Hoplopleura_hirsuta",0.056555173,0.009532405,0.005151635,0.001823754,0.003045857,0.00071446,0.088442665,0.001052889,0,0.020775753
"Ciconia_ciconia",0,0.000164049,0.742949607,0,0.000596543,0.193414165,0,0.055567984,0,0
"Anser_anser",0.011864276,0.001415711,0.016157575,0.001000231,0.14914211,0.551173348,0.00041548,0.113826268,0.000153882,0.022189736
"Sylvicapra_grimmia",0.295612479,0,0.000465211,0.317273864,0.017765243,0.000726892,0,0.013185823,0.001104876,0
"Chaetodon_auriga",0.002436222,0.007048188,0.000674175,0.016471309,0.177522409,0.11019689,0.102244695,0.16190914,0,0.000490309
"Scopus_umbretta",0,0.006193089,0.082775563,0.004104209,0.002456641,0.538239751,0.000485444,0.33966372,0,0.009973668
"Geopelia_cuneata",0.001661105,0.014891146,0.011568936,0,0.005468417,0.308465756,0.001293604,0.001793406,0.002234407,0.001352404
"Galictis_vittata",4.27e-05,0.000569833,0,0,0,0.995669269,0,0.003646931,0,0
"Chaetophractus_vellerosus",0.331906807,0.007268032,0.010735217,0.110572738,0.311785528,0.030232693,0,0.005498172,0.000232113,2.9e-05
"Passerina_ciris",0.009146341,0.082317073,0.01402439,0.022560976,0.130487805,0.020731707,0.087804878,0,0,0.030487805
"Circus_aeruginosus",4.46e-05,0.317475411,0.000832021,0.000222863,0,0.045627433,0.00017829,0.001485752,0.632737052,0
"Trachypithecus_hatinhensis",0.035758217,0.004948937,0.000572131,0.368938982,0.048616872,0.007981234,0.002360042,0.003304059,0.000100123,0.21862574
"Cercopithecus_ascanius",0.324910366,0.002042653,0.002656877,0.38694702,0.047238133,0.00389961,0,0.008370592,0,0
"Thraupis_episcopus",0.06848053,4.32e-05,0.448168142,0.00097891,0.00428993,0.002202548,0.000662204,0.000820557,0.000143957,0.000273519
"Tyto_alba",0.436417615,0.005181703,0.003078784,0.000604761,0.012699984,0,0.00032987,0,0.002583979,6.87e-05
"Corvus_albus",0.000457178,0,0.238875343,0,0.000228589,0.166641268,0,0.280478513,0,0
"Mesoplodon_bidens",5.28e-05,0.143834712,2.64e-05,0.000277418,0.016380882,0.797207324,0,0.040727628,0,3.96e-05
"Pediculus_humanus",0.018492864,0.362640549,0.005621959,0.004091627,0.005928026,0,0.00470376,0.000934308,0.002770708,0.01188827
"Garrulax_leucolophus",0.000216229,0.001052313,0.936774733,0,0,0.000533364,0.001960473,7.21e-05,0,0.001124389
"Colobus_guereza",0.023299186,0,0.027055424,0.061019175,0.010769635,0.000919359,5.25e-05,0.001930654,0,0.30798529
"Sus_philippensis",0.000156834,0,0.004339075,0,0.000222182,0.004600465,0,0.00237865,0,0.642222338
"Nomascus_siki",0.215008165,0.252265185,0.022348944,0.192237792,0.093557393,0.001672549,0,0.000118527,0.000237054,9.22e-05
"Prionailurus_viverrinus",0.01900541,0.000117317,0.102235547,0.002737405,0.0998892,0.512390015,0,0.097529818,0.108922636,0
"Lepus_tolai",0.151697042,0.000527484,0,0.285041289,0.202990287,0.000945833,0,0.004347193,0.000454727,0
"Hyaena_hyaena",0.49267238,0.008855286,0.002162036,0.067333834,0.096437171,0.019600735,0.018979312,0.043331348,0.117992802,0.003133011
"Eurycea_longicauda",0.013765933,0.005840093,0.019714175,0.006828891,0.081591348,0.03196601,0.002811896,0.010892236,0.001807648,0.002564697
"Uromastyx_aegyptia",0.443356499,0.09874183,0,0.080114708,0.05961454,0.001795541,0.000284186,0.001446767,0.000142093,0.000232516
"Addax_nasomaculatus",0.292720523,0,8.99e-05,0.28113399,0.053269792,0.008143971,0,0.035260569,0,0
"Dracaena_guianensis",0.099668958,0.000127324,0,0.058708938,0.07131398,0.082200153,0,0.00522027,0,7.64e-05
"Dolichonyx_oryzivorus",0.517424283,0.019625524,0.028430489,0.003659895,0.146820135,0.035378985,0.021269824,0,0,0.013631783
"Strix_uralensis",0.000191595,0.23886831,0.088376549,0.00054924,0.000689743,0.001724358,0.00836633,0.001456125,0.00012773,0.048831268
"Lagopus_muta",0.021259843,0.009161355,0.00016248,0.036732908,0.071778528,0.002324709,0,0.021797275,0.000324959,0
"Bubo_lacteus",0.018575249,0.048586412,0.129974818,0.082569641,0.23631195,0.02480594,0.001973052,0.030945767,0,0.001544692
"Argusianus_argus",0.091045572,0.002766852,0.005248334,0.027916672,0.033586858,0.24462449,3.72e-05,0.278670422,0.001191111,0.000260556
"Varecia_variegata",0.388505382,0.000268794,3.67e-05,0.063716447,0.124353978,0.162803768,0,0.000757511,0,0.000720857
"Apodemus_sylvaticus",0.05061443,0.000365008,0.001946709,0.043569777,0.485290181,0.000766517,0,0.000498844,4.87e-05,8.52e-05
"Anas_acuta",0.064695305,0.017944234,0.036134785,0.462769102,0.304719444,0.00125622,0.007906793,0.001958225,0.049608355,0.009347751
"Chordeiles_minor",0.562015843,0.000139892,0.005700596,0.025425359,0.096980083,0,0.002588001,0.003549758,0.072201724,0.000681973
"Camelus_dromedarius",0.016299502,0,0.003102969,0.019806689,0.004208624,0.002472864,0,0.010260007,0,0.571065115
"Saguinus_imperator",0.131601968,0.057148715,0.270215965,0.005371788,0.07520503,0.067441225,0.00020503,0.000574084,0.069518863,0.000669765
"Alouatta_caraya",0.048531725,0,0.001314523,0.056770968,0.032593132,5.87e-05,0,0.001678364,0,0
"Paroaria_coronata",0.072384619,0.200547436,0.07306564,0.010686783,0.104340196,0.018976898,0.028773115,0.00846037,0.001047724,0.00254073
"Mustela_putorius",0.297968318,0.000431281,0.009907799,0.263897145,0.220093017,0.007296803,0.000629437,0.00297234,0,0.001153967
"Ardea_cinerea",0,0.047525827,0.062691636,0.001309024,0.04836313,0.302018963,0,0.52147507,0.000141516,4.72e-05
"Strabomantis_bufoniformis",0.004399488,0.007672422,0,0.000913101,0.021428233,0.04374585,0.009664643,0.026207191,0.000130443,0.00092496
"Balaenoptera_borealis",0.630007581,0.003918596,0.006880868,0.128147414,0.017388769,0.000338212,0.000104962,0.041355181,0.001422823,0
"Ateles_fusciceps",0.121726407,0.000633692,0.00076043,0.326443377,0.089062482,0.00324911,0,0.002062378,0,0
"Pseudois_nayaur",0.240305901,0,0.000374764,0.319346036,0.060266785,0.000667549,0.002904423,0.020787708,0,0
"Cephalopholis_urodeta",0.014112641,0.417552154,8.27e-05,0.005165179,0.028532593,0.229229951,0.007056321,0.127439277,0.026062289,0.002718515
"Euphractus_sexcinctus",0.348916132,0.004215693,0.03533432,0.110312595,0.157706851,0.053582752,0.000140915,0.02664459,0.000375772,0
"Ramphocelus_carbo",0.126794597,0.086808992,0.076295259,0.000591237,0.002339241,0.000372736,0.019947817,0,0,0.022029999
"Cephalophus_silvicultor",0.32687248,0,0,0.250272872,0.114284729,0.000298724,0,0.005066811,0,0
"Paradisaea_raggiana",0,0.344005194,0.049691917,0,0,0,0.468320406,0,0,0.05974875
"Ammotragus_lervia",0.351858719,0,4.64e-05,0.281565774,0.041670529,0,0,0.007335218,0,0
"Oryx_beisa",0.313501639,0,0,0.298477053,0.059517847,0.002299217,6.83e-05,0.014580677,0,5.69e-05
"Mus_bufo",0.01292831,0.011854926,0.092501819,0.001395399,0.000417427,0.000274309,0.001156869,0.000381648,0.000107338,0.123999666
"Mus_musculus",0.46359718,0.000245024,0.079610634,0.005167786,0.089077483,0.000579148,0.000100237,0.000278437,0.000100237,2.23e-05
"Tringa_glareola",0.000139857,0.17165101,0.00223771,0.000745903,0,0.000116547,0.824060045,0.000396261,0.000396261,0
"Cyanopica_cyanus",0.054507377,0.108580808,0.06599751,0.000226407,0.00392438,0.006320516,0.020263386,0.002867816,0.010678842,0.230010188
"Parabuteo_unicinctus",0.000100481,0.278388728,0.001641193,3.35e-05,6.7e-05,0.093023256,0.044390358,0.003673146,0,0.36913441
"Canis_aureus",0.050487395,0.000717087,0.004056022,0.005759104,0.018610644,0.034957983,2.24e-05,0.107540616,0.744022409,0
"Bucorvus_abyssinicus",0.001426455,5.53e-05,0.000409138,0.078698277,0.178804432,0.044927793,0.001127894,0.104374461,0,0.002123095
"Anolis_smallwoodi",0.252024659,0.003560322,0.002417503,0.034185686,0.05725086,0.044778744,0.001131831,0.003868004,0.000846126,0.176598574
"Cyclura_collei",0.339283156,0.042144581,0.002952875,0.095362443,0.074626208,0.034872575,0.003580912,0.010830882,0.002390947,0.002787602
"Meleagris_gallopavo",0.0147467,0.000801083,0.024483809,0.000372334,0.233487532,0.256696378,0.000169243,0.179250818,0,0.001353943
"Castor_canadensis",0.44605319,0,3.27e-05,0.061953646,0.044764258,0.001262805,0,0.033464331,0.22071871,4.35e-05
"Glis_glis",0.016901364,0.479159161,0.06373647,0.000610893,0.031891731,0.090192823,0.000250623,0.308626118,0.000454254,0.000125311
"Cephalopholis_argus",0.050538534,0.184786271,0.001858514,0.028029867,0.022899934,0.534241216,0.010379419,0.042365421,0.013607364,0.003510526
"Camelus_bactrianus",0.264803777,0,4.42e-05,0.27161545,0.049340396,0.000630301,0,0.008558823,0,0
"Eira_barbara",0.002562571,0.004527651,0.987545642,0.000849764,0.000159331,0.001540198,0,0.000371772,0.000106221,0
"Aspidites_ramsayi",0.486360892,0.007838444,0.013768491,0.04293354,0.056540303,0.022566524,0.005218441,0.039612714,0.001455557,0
"Hystrix_africaeaustralis",0.23821757,0,0,0.29882363,0.216531261,0.000117744,0,0.004720465,0,0
"Buteo_jamaicensis",3.49e-05,0.012393566,0.039195816,0,0.002248081,0.666701611,0,0.275547169,0,0
"Treron_waalia",0.001976953,0.132339571,0.008499841,3.17e-05,0.005624273,0,0.010043345,0.000222011,0,0.054160059
"Galerella_pulverulenta",0.043634723,0.001127929,0.062175721,0.015780258,0.306850286,0.00148242,0,0.305743842,0.140013535,0
"Hylomyscus_stella",0.288552874,0.001949318,0.01676844,0.124314777,0.375055195,0.000624643,0,0.000613874,6.46e-05,0
"Chamaeleo_calyptratus",0.150908413,0.014609196,0.000117215,0.170845543,0.133613938,0.082295274,0.005615643,0.010101764,0,0
"Melophagus_ovinus",0.036064163,0.193836206,0.011059307,0.004301612,0.007645769,0.000166514,0.026017817,0.00036078,0.000971332,0.019718036
"Eurycea_bislineata",0.265859745,0.041447076,0.020169599,0.06721819,0.093848687,0.064650397,0,0.038237334,0.304148849,0
"Stigmochelys_pardalis",0.135486675,0.057497827,0.001791507,0.070218585,0.067907647,0.054508449,0.004113045,0.006837408,0.006413382,0.296033244
"Aratinga_solstitialis",0.261438411,0.136448023,0.016873373,0,0.000889807,0.000714042,0.004591842,0.000768969,0.000252661,0.01697224
"Apodemus_flavicollis",0.455024083,5.21e-05,0.006109385,0.177766425,0.128026022,0.000312767,7.3e-05,0.002158093,0.000166809,0
"Cabassous_unicinctus",0.300470644,0.001833143,0.029917303,0.085920845,0.171882885,0.046106631,0,0.026415794,0.020308751,0
"Zamenis_longissimus",0.215901154,0.509223121,0.002988784,0.000605973,0.022811306,0.04963847,0.047676759,0.034263177,0.001232488,0.023571341
"Dendrocopos_major",0.000102923,0.099969123,0.025638123,0.000319061,0,0.662999177,0.002140799,9.26e-05,0,0.125010292
"Hylobates_lar",0.470056497,0.001214425,0.001594593,0.153154866,0.161624162,0.000369608,0,0.000813137,0,0.012672264
"Haliaeetus_leucocephalus",0.019720063,0.235042161,0.000805399,0,0.007639084,0.208732473,0.011971152,0.016461859,0.012056573,0.014204303
"Trachypithecus_delacouri",0.079543088,0.01900329,0.000968387,0.240982548,0.045420467,0.030082469,0.000177017,0.002457412,0.000156191,0.17463243
"Trichoglossus_haematodus",0.00230234,0.009033843,0.957866155,0.000557517,0.001300873,0.000382003,0.018656177,0.000371678,0,0.003303806
"Cynomys_ludovicianus",0.434842292,3.05e-05,0.000162691,0.147621662,0.188202876,0.003162305,0,0.004982409,0.010656254,0.000162691
"Lampropeltis_alterna",9.15e-05,0.697047014,0.001402795,0,0.082480305,0.073108005,0,0.019161372,0,0
"Eliomys_quercinus",0.000222708,0.002054989,0.165138079,0.000435293,0,0.00042517,0.000182216,0,0.0001316,0
"Okapia_johnstoni",0.000860655,0.010915129,0.001670683,0.001194792,0.000374638,1.01e-05,0.001731435,0.000324011,0,0.557167737
"Cercopithecus_neglectus",0.286066172,0.007176742,0.000101366,0.316506508,0.060911081,0.008007947,0,0.012914082,0,4.05e-05
"Nomascus_gabriellae",0.563121089,0.012881855,0.043174662,0.197951172,0.070001636,0.018218623,0,0.000265816,0.000357829,3.07e-05
"Cornufer_guentheri",0.220324819,0.364358569,0.001097496,0.024698692,0.054119637,0.086611557,0.001822447,0.035542757,0.00442019,0.069343617
"Raphicerus_campestris",0.124310613,0,0.001147224,0.421073128,0.117290448,0.000420999,0,0.008230539,0.003304846,7.37e-05
"Acropora_hyacinthus",0.001460728,0.038401295,0.00019359,0,7.04e-05,0,0.491350029,0,0.000475176,0.002235089
"Aix_galericulata",0.083467014,0.011008622,0.007780229,0.112402246,0.151945057,0.000120313,0.000120313,0.00173451,0,0.297513535
"Podargus_strigoides",0.221837915,0.004243942,0.015266265,0.012155366,0.032927823,0.000934264,0.001719443,0.007931302,0.611783648,0.000606277
"Saguinus_geoffroyi",0.662109627,0.005209939,0.003281068,0.04912654,0.06337433,0.000258508,0,0.001093689,0,0
"Symphalangus_syndactylus",0.355507261,0.245984392,0.010639139,0.132411341,0.054094636,0.003862491,0,0.003141361,7.9e-05,0.000335869
"Bradypus_variegatus",0.114838774,0.001765207,0.000150444,0.322601675,0.102081139,0.010149942,0.006820119,0.01797302,0.000150444,9.03e-05
"Capreolus_capreolus",0.349201369,0.000715778,0.007363684,0.365173993,0.110298371,0.00058831,0,0.004598625,0.000166688,5.88e-05
"Aonyx_cinereus",0.024331745,0.905744332,0.006207742,0.00716278,0.003570537,0.002224803,0.003407747,0.004536427,0.017689895,0.006652703
"Cryptoprocta_ferox",0.035056144,0.151214415,0.048238484,0.004344025,0.047473499,0.149660538,0.0010621,0.285284957,0.103167177,0.074483635
"Otomys_tropicalis",0.123347881,0.001116926,0.000661882,0.164715494,0.586592757,0,0,0.000465386,7.24e-05,0
"Gerbilliscus_brantsii",0.003728928,0.022460513,0.009872965,0.000956383,0.000598947,0,0.67228904,0.000251171,0.000376757,0.001178573
"Erethizon_dorsatum",0.543004785,0.002985646,0.00061244,0.068956938,0.103885167,0.011416268,0.000105263,0.009521531,0.092047847,0
"Nyctalus_noctula",5.59e-05,0.876711181,0.035536682,0.000558753,0.000251439,0.002430575,0.025143879,0.001117506,0.000167626,0.04397385
"Rentapia_hosii",0.223173418,0.008302212,0,0.001647036,0.002087523,0.01003543,0.027156947,0.002212008,0.000900124,0.038877717
"Bucorvus_leadbeateri",0.004219128,0.022524239,0.075344292,0.001228595,0.684003505,0.036553077,0.000390484,0.158536353,0.001247643,2.86e-05
"Hippotragus_equinus",0.354976206,8.76e-05,0.000593622,0.293093549,0.044064267,0.000535233,0,0.010811705,5.84e-05,0
"Leucopsar_rothschildi",0.031667443,0.008902221,0.056937325,0.032939189,0.031900435,0.010756446,0.000621311,0.008678938,0.028522057,0.197625427
"Halichoerus_grypus",6.02e-05,0.008815792,0.001395666,4.02e-05,0.001817379,0.179609213,4.02e-05,0.134907725,0.668383638,0.000140571
"Aix_sponsa",0.000158952,0.359253835,0.007890823,0.004462005,0.155080214,0.347979609,0.000113537,0.096302099,0,0.000635807
"Halcyon_malimbica",0.143245272,0.002222919,0.606058879,0.003505372,0.003533871,0.000731473,0.007704219,0.004426838,0,0.00246991
"Vireo_gilvus",0.147928994,0.045021868,0.082582969,0.062516079,0.049909956,0,0.014664266,0.000514536,0,0.011577052
"Oryx_dammah",0.277205973,0,4.73e-05,0.28339851,0.067379345,0.013322476,0,0.026502921,0,0.000170437
"Bactrocera_dorsalis",0.001821744,0.72876158,0.25216046,0,0,0.000119008,0,0.000164781,0.000311253,0
"Intellagama_lesueurii",0.0409867,0.034617332,0.049730775,0.164692347,0.150582171,0.152220535,0,0.203212297,0,0
"Dasyprocta_leporina",0.29866142,0.007437576,0.081307689,0.143373295,0.140891038,0.004137094,0.000652742,0.007400802,0,0
"Peromyscus_maniculatus",0.261700209,0.032187531,0.32977415,0.061077048,0.254994853,0,0,6.38e-05,0,0
"Agalychnis_lemur",0.537702415,0.037011795,0.001453937,0.042291405,0.108281991,0,0.073532886,0.007106119,0,0.0002817
"Arctictis_binturong",0.000150935,0,0.016538192,0,0.00108889,0.752175085,0,0.053592798,0,0
"Eunectes_murinus",0.362185647,0.00028236,7.29e-05,0.044858775,0.043374109,0.042089827,0,0.00286914,0,0
"Dasyprocta_punctata",0.542193732,0.002431452,0.005958062,0.124848034,0.061117865,0.010218127,0,0.007254167,0,0
"Portunus_trituberculatus",0.2957953,0.225164046,0.007789875,0.016257927,0.04247773,0.000284101,0.000375747,0.009714432,0.00321676,0
"Muntiacus_reevesi",0.363584824,0,0,0.293572946,0.091474389,0.00137684,0,0.005120406,0,3.6e-05
"Microcebus_murinus",0.490064646,0.045879257,0.002463968,0.107937685,0.043662569,0,0,0.001536668,0,0
"Gopherus_polyphemus",0.115338766,0.001085332,0.000195716,0.076026617,0.038840652,0.011164686,0.075430574,0.005488933,0,0.270007473
"Atelopus_varius",0.348689338,0.006925257,0.004312788,0.032332625,0.049078994,0.005472901,0.005756288,0.012035069,0.020687212,0.041994332
"Prolemur_simus",0.506167982,0.00022731,0.025362604,0.080721448,0.262456177,0.00032348,7.87e-05,0.001879683,0,0
"Haliaeetus_albicilla",0.005427254,0.278950524,0,0,0.000103376,0.455754957,0,0.209088842,0.044451796,0
"Epinephelus_merra",0.012484732,0.106979585,0.000139592,0.001989182,0.034147618,0.565442331,0.005540045,0.17873844,0.009056011,3.49e-05
"Mantella_aurantiaca",0.408815092,0.011492654,0.004181518,0.0624185,0.143466922,0.065956707,0.057063375,0.012327219,0.049404503,0.000182561
"Crocodylus_niloticus",0.026626938,0.186259015,0.000595932,0.006935268,0.004396079,0.018681176,0.001114134,0.001235048,0.058876366,0.092775403
"Eudocimus_ruber",0.014692386,0.071557202,0.385950027,0.000181815,0.001125522,0.009281225,0.03367907,0.001281363,0.000277051,0.12392859
"Leptailurus_serval",0.114318524,0.308671412,0.025561906,0.011317017,0.045960588,0.006469371,8.77e-05,0.037387356,0.033354956,0.082830744
"Falco_biarmicus",0,0.198357592,0.000550747,0,0.001150669,0.195131786,0.00063926,0.021223446,0,0.005733674
"Semnopithecus_entellus",0.174984266,0.00386964,0.000357198,0.310004933,0.043875763,0.015350989,0,0.008266571,0,0
"Agapornis_fischeri",0.938765606,0.00171285,0.056010201,0,0,0,0.000780298,0,0,0
"Pyxis_arachnoides",0.355089414,0.042893466,0.002067972,0.085236037,0.151792525,0.034706331,0.00172896,0.011424697,0.079150775,0.002830748
"Panthera_pardus",0.023573325,0.00036742,0.011423418,0.000267214,0.135586285,0.118593116,0,0.297768759,0.099320273,0.000167009
"Xenopus_laevis",0.279554972,0.057581095,0.002085549,0.031640521,0.027743619,0.004162789,0.040639125,0.005550386,0.012272334,0.000656408
"Parahyaena_brunnea",0.270741468,0.027697771,0.002260002,0.125251701,0.195609139,0.039541542,2.55e-05,0.118497183,0.031835445,5.1e-05
"Monopterus_albus",0.552573763,0.004385894,0.061378098,0.110599378,0.057464156,0.001668104,0,0.007242013,0,0
"Polyplectron_napoleonis",0.007775085,0.000703066,0.283377034,0.014292922,0.042547912,0.094839494,0.000380483,0.1113905,0,0.004499624
"Oryx_leucoryx",0.252806004,0.000596761,0.000842005,0.26631079,0.070663059,0.002648638,0.000801131,0.041634308,0,0.017624891
"Platypus_cylindrus",0.078037197,0.09037384,0.044483479,0.000447274,0.001154781,0.000601787,0.025022974,0.000512333,0.001219839,0.023266405
"Tachypleus_tridentatus",0.399779911,0.170329495,0.060962968,0.04870658,0.060372875,0.004521387,0.006435201,0.010063475,0.030278141,0.006794042
"Kerodon_rupestris",0.004615811,0.078033332,0.003048177,0.006991014,0.047796999,0.708499268,0.00011876,0.001971418,0.011630577,0.000126677
"Rhacodactylus_leachianus",0.420336859,0.003782532,0.009436506,0.100613769,0.176898799,0.004948218,0,0.004099726,0.000111018,0.040061536
"Lagenorhynchus_albirostris",7.75e-05,0.28966877,0.035043007,0.000309963,0.001696185,0.309644146,0.000103321,0.081821548,0.279491661,0.000103321
"Tockus_erythrorhynchus",0.000101796,0.123250879,0.005183741,0.000195761,0.000195761,0.000242743,0.053262546,3.92e-05,0.000274065,0.285583406
"Drymarchon_couperi",0.030702997,0.429802607,0.001550497,0.003140348,0.009082609,0.069189963,0.002723209,0.004919091,0.00879927,0.0054779
"Budorcas_taxicolor",0.426655872,0.000440151,0.002703786,0.250886197,0.067932625,0.000668087,0,0.025748847,0,0
"Python_regius",0.500227844,0.011832181,0.045262414,0.018219673,0.034514456,0.080900377,0.000157134,0.127144877,0.000934947,3.93e-05
"Oryx_gazella",0.324886727,0.00020595,0.000110896,0.3194132,0.04087323,0.002027819,0,0.019153386,0,0
"Callonetta_leucophrys",0.024656782,0.104654036,0.067462932,0.140637013,0.205120813,0.003281164,0.001702361,0.002416255,0.000151016,0.019549698
"Axis_porcinus",0.31620232,0.000278763,0.000147125,0.275704264,0.098596893,0,1.55e-05,0.00578433,0,3.1e-05
"Phascolarctos_cinereus",0.110864591,0.266326161,5.39e-05,0.181723636,0.06241574,0.000177186,0.152249108,0.000138667,0,0.000408298
"Macaca_sylvanus",0.183680336,6.41e-05,0.210732911,0.327867277,0.057237385,0.000953289,0,0.031082023,0,0
"Epibulus_insidiator",0.041106575,0.229886552,0.001594689,0.017567579,0.035230493,0.055363442,0.007860777,0.059506166,0.041045908,0.000121335
"Cuora_bourreti",0.067101806,0.000314097,0.000482637,0.063416914,0.089042618,0.118468127,0.00025281,0.012663464,0,0.217898922
"Drymarchon_corais",0.308727796,0.206875535,0.057263742,0.005087755,0.192159911,0.07730561,0.000291486,0.065575508,0.000114828,1.77e-05
"Acinonyx_jubatus",0.152795815,0.006948266,0.014549537,0.025679969,0.101259786,0.105287872,0.002634031,0.049312877,0.103108744,0.216173978
"Equus_asinus",0.15323026,0.003865268,0.004060155,0.037986813,0.014949492,0.02013025,0,0.008843018,0,0.017028291
"Ara_ararauna",0.001943564,0.007876547,0.964424018,0,0,0.000898715,0.012092473,0,0,0.000467624
"Connochaetes_gnou",0.42828444,8.12e-05,9.6e-05,0.252001536,0.043620196,0,0,0.007629472,7.39e-05,0.000132943
"Cricetus_cricetus",0.607758123,0,0.040168523,0.117122122,0.072379812,0.000216425,0,0.00191897,0.000137069,0
"Blicca_bjoerkna",9.63e-05,0.316497069,0.021989668,0.000140817,0.000222342,0.001756505,0.017172249,0.0013637,0.159426949,0.396910922
"Gonocephalus_chamaeleontinus",0.297282868,0.007673745,0.00014237,0.178282875,0.173705678,0.019020637,0.000163726,0.010457079,0,4.98e-05
"Syncerus_caffer",0.161012186,7.83e-05,6.4e-05,0.176499463,0.03274595,0.005719692,3.56e-05,0.008487056,0,2.85e-05
"Empidonax_minimus",0.059979839,0.008316532,0.548387097,0.020917339,0.031502016,0.001260081,0,0,0,0
"Bettongia_penicillata",0.314378946,0.010413563,0.002695609,0.033418458,0.079236717,0.00461091,0.008576293,0.002121019,0.00227708,0.066929134
"Lampropeltis_getula",0.094682651,0.308700449,0.003338972,0.002500552,0.030756785,0.023644922,0.007317791,0.007111863,2.21e-05,0.000448628
"Alouatta_pigra",0.363766843,0.080681087,0.016540917,0.086218255,0.129872473,0.101872912,0.000219604,0.028713275,0.006595975,0.002125457
"Erythrocebus_patas",0.18357505,0.070308799,0.037830843,0.182896216,0.065747884,0.011596744,0,0.011936161,1.41e-05,0
"Aedes_aegypti",0,0.216435419,0,0,0,0,0.000146198,0,0,0.003515709
"Myripristis_violacea",0.024947841,0.110953016,0.000117957,0.029422823,0.075013086,0.439690953,0.006458129,0.108453809,0.040547614,0.001098472
"Lithobates_clamitans",0.122904285,0.076717869,0,0.052936374,0.010604363,0.016699261,0.008705641,0.012854349,0.26118822,0
"Trichosurus_vulpecula",0.017411184,0,0,0.285130793,0.418056611,0.000320622,0,0.000460023,4.88e-05,3.49e-05
"Eurypyga_helias",0.006426859,0.789647139,0.158903734,0.001891059,0.000609798,0.007728674,0.001431997,0.004837273,0,0
"Grammomys_macmillani",0.226175023,0.001027343,0.029147375,0.270059211,0.350705604,0.000520613,0,0.001166173,2.08e-05,0
"Plecturocebus_moloch",0.237095193,0.084546219,0.004895586,0.060617651,0.25102397,0.000361606,0.00103614,0.062481311,0.088704686,0.000180803
"Tyrannus_tyrannus",0.314528875,0.525264438,0.056194529,0.000218845,0.000729483,0.012072948,0.071829787,0,0,8.51e-05
"Shirakiacris_shirakii",0.000468305,0.929516764,0.039249355,8.82e-05,0.000278268,4.75e-05,0.003217049,6.11e-05,0.00031899,0.002511199
"Notophthalmus_viridescens",0.391289951,0.127260294,0.000561474,0.033321336,0.012913907,0.012568385,0.000381515,0.012345235,0.244737979,0.000583069
"Crocodylus_moreletii",0.219664466,0.028240107,0.000564536,0.001062657,0.079480095,0.292283783,0,0.028206899,0.348717506,0
"Papio_ursinus",0.105594235,0.001686241,0.002265886,0.671901039,0.065954406,0.006685681,0,0.011988117,3.95e-05,3.29e-05
"Physignathus_cocincinus",0.584612891,0.066508883,5.19e-05,0.034262742,0.07536636,0.005018804,0.011003761,0.002120348,0.01071197,0.000408507
"Macropus_giganteus",0.12295195,0.011364263,0.040140398,0.159161748,0.035602968,0.000399956,0.000144812,0.009219672,0.000206874,0.006020025
"Phyllobates_terribilis",0.22472542,0.087652158,0.002960741,0.045529475,0.014506338,0.158128139,0.000271509,0.008494353,0.003426185,0.013381515
"Manouria_impressa",0.429685469,0.008402651,0,0.10027294,0.098661295,0.05100078,0,0.030107876,0.107785287,4.55e-05
"Helogale_parvula",0.395881362,0.031732502,0.000619927,0.138560091,0.181309208,0.017416068,0.002027677,0.002402216,0.000787824,0
"Strongylocentrotus_purpuratus",0.085834186,0.48863445,0.000757703,7.12e-05,0.000317329,0,0,0.008308832,0,0
"Mico_argentatus",0.291495392,0.001576582,0.156234841,0.002080833,0.014642429,0.000102127,0.000510634,0.004302091,0.054427196,0.00015319
"Papio_hamadryas",0.3120128,0.0345536,0.001184,0.2943744,0.0939968,0.0546688,0,0.0050176,0,0
"Pronolagus_rupestris",0.193805553,0,0,0.250153814,0.04963281,0,0,0.00897357,0.000143996,0
"Helarctos_malayanus",0.011615005,0.073360172,0.327681124,0.005199368,0.004708594,0.422478911,0.000718381,0.112984907,7.11e-05,6.4e-05
"Vulpes_zerda",0.301186981,0.031447519,0.065955806,0.028044593,0.049737471,0.004535161,0.009288061,0.001175783,0.000634549,0.214166625
"Tamandua_mexicana",0.247578957,0.186490581,0.070327387,0.007919153,0.31515729,0.00170254,0.001366718,0.004279779,0.097357158,9.37e-05
"Trachycephalus_resinifictrix",0.220102701,0.1726452,0.001439791,0.005709731,0.013600776,0.026163419,0.021621588,0.00174258,0.002947556,0.267152365
"Piranga_rubra",0.305646564,0.153015411,0.004833556,0,0.000970756,6.07e-05,0.000849411,0,0.000283137,0.000303361
"Plethodon_shenandoah",0.400048641,0.000448995,0.001203557,0.142986318,0.145212587,0.022075606,0,0.003897529,5.61e-05,2.49e-05
"Python_molurus",0.307954083,5.63e-05,0.000243971,0.142191361,0.061999937,0.065959776,0,0.011654312,0,1.25e-05
"Ophiura_kinbergi",0.017324626,0.25226118,0.004947993,0.005307121,0.012270224,0.004981246,0.000771461,0.001662632,0,0.002806523
"Malacochersus_tornieri",0.430151531,0.009784478,0.000437396,0.058383314,0.065926889,0.075112195,0.000485329,0.048706687,0.009448942,0.126886643
"Prosthemadera_novaeseelandiae",0.004750796,0.059992467,0.612245146,0,0.000236932,0.020114943,0.01239338,0,7.9e-05,0.147584506
"Colobus_angolensis",0.29605572,0.000348883,0.00015224,0.250732654,0.155773061,0.003228753,7.61e-05,0.022797914,0,6.34e-05
"Branta_leucopsis",0.005599258,0.008297191,0.006789699,0.000795621,0.017748931,0.188580145,0.48604672,0.012711991,0.000107678,0.162749379
"Lutra_lutra",0.009068732,0.015958734,0.007299678,0.003854677,0.002507712,0.555216228,0.00031036,0.398955947,0.000701415,0.00064555
"Abudefduf_sexfasciatus",0.005990623,0.062142026,0.001124475,0.004899027,0.030275332,0.02053646,0.003518094,0.102406113,0.034569379,9.21e-05
"Aceros_corrugatus",0.00122899,0.001555533,0.06433495,0,0.051552268,0.664628245,0.000136554,0.200390664,0,4.16e-05
"Papio_papio",0.380840275,0.007354745,0.193303034,0.088969635,0.067185802,0.024289937,0.000192777,0.016123191,0,0
"Nyctereutes_procyonoides",0.214837767,0.004490469,0.033238787,0.08639056,0.25876981,0.01237063,3.49e-05,0.124952678,0.035277262,0.000506707
"Tragulus_napu",0.525805799,0.021328014,0.001416472,0.107258694,0.159720175,0.005532911,0.000792068,0.004388171,0.017431272,0.001138959
"Erinaceus_europaeus",0.009280307,0.243936715,0.116881351,0.000297902,0.069922869,0.083632855,6.48e-05,0.016261584,0.450804013,0.000278474
"Alligator_mississippiensis",0.142930997,0.026028578,0.003195232,0.055747828,0.03405615,0.266999354,0.010569398,0.044783514,0.056824873,0.019372442
"Sargocentron_spiniferum",0.017261415,0.145945378,0.000432119,0.016794259,0.066014984,0.320323038,0.002458409,0.200590952,0.032006026,2.34e-05
"Spizella_pallida",0.319812621,0.055056489,0.271314412,0.000275558,0.298759989,0,0.000275558,0.000440893,0,0
"Esox_lucius",0.039899223,0.329637813,0.00019727,0.000247996,0.000146543,0.186510128,0,0.023339834,0.416853603,0.000112726
"Oedaleus_asiaticus",0.000130193,0.898862794,0.076536417,0.000215101,0.000232083,4.53e-05,7.92e-05,0,1.7e-05,0.00020378
"Salmo_salar",0.00347982,0.012171772,0.04854273,0.006594943,0.001071298,0.104212254,0,0.004786652,0,0
"Ophiopholis_mirabilis",0.072963906,0.0368578,0.012977573,0.019879481,0.030036653,0.011697832,0.010846742,0.002677518,0.000447288,0.001751879
"Antilope_cervicapra",0.275213157,0.002257298,0.02668183,0.265532494,0.049289094,0.006177566,0.007217638,0.018915583,0,0.000474318
"Caracal_caracal",0.227333995,0.004167849,0.014909667,0.026071226,0.132395715,0.189279465,0,0.057102488,0.157934875,5.91e-05
"Mimachlamys_nobilis",0.05523467,0.262336856,0.00487382,0.009443026,0.012207981,0.002132296,0.003544064,0.000884551,0.001230171,0.004592638
"Nephrurus_amyae",0.378113403,0.099735892,0.000743331,0.055136024,0.156978021,0.040933894,0.000146414,0.004454356,0.009139594,0
"Psittacus_erithacus",0.060090641,0.048612246,0.564026696,0.013941077,0.011877749,0.000605081,0.003569981,0.001083096,0.082309233,0.002432428
"Pieris_canidia",0.01871334,0.519718717,0.087528884,0.00764864,0.007681968,0.000205519,0.029394774,0.001521952,0.000444365,0.095399707
"Lynx_lynx",0.01745831,0.000589693,0.011141793,0.006021671,0.31299649,0.307541831,6.24e-05,0.228233813,0.049670282,0.000209795
"Macropus_fuliginosus",0.118416214,0.000186795,0.009421462,0.401637957,0.08377162,0.000566222,0.000140096,0.020249721,0.000186795,1.17e-05
"Speothos_venaticus",0.000691903,0.297256988,0.365978351,0.009086995,0.090116547,0.062340478,9.23e-05,0.001122421,0.0003152,0
"Mustela_nigripes",0.363130593,0.011555925,0.229099021,0.028919511,0.163347061,0.086626541,0.00016499,0.021125366,0.001346321,0.00137272
"Ramphastos_toco",0.007739394,0.051775761,0.018957605,0.000140716,0.001790223,0.002736149,0.040463738,0.001047554,0.00562865,0.367926077
"Mephitis_mephitis",0.195841744,0.06524021,0.153371013,0.164179018,0.142257339,0.030861065,0.000432551,0.026085703,0,0
"Procavia_capensis",0.395544209,0.022716449,0.004059278,0.074290872,0.081196629,0.002320378,0.071649296,0.007819509,0.009403347,0.000431956
"Lama_guanicoe",0.229161672,3.73e-05,3.2e-05,0.295558787,0.05268513,0.000985516,0.000122524,0.034317251,0.00047944,0.000106542
"Anas_platyrhynchos",0.012028653,0.132114444,0.078516413,0.006323363,0.042345931,0.067708058,0.142817145,0.192273558,0.003333369,0.001664043
"Corucia_zebrata",0.270866671,0.020561061,2.1e-05,0.071436441,0.09285793,0.033304827,0.003263327,0.005650488,0.002282231,0.002476351
"Dumetella_carolinensis",0.000603409,0.179514256,0.731482878,0.003469603,0.011313924,0.002715342,0.006184945,0,0,0
"Goura_victoria",0.000293715,0.00327786,0.020677542,1.76e-05,0.259920227,0.33762549,0.008899567,0.214459006,0,0.000511064
"Phacochoerus_africanus",0.325268719,0.003849611,0.000727322,0.070337218,0.129619143,0.012956719,0.000129879,0.029233143,5.2e-05,0
"Myrmecocichla_formicivora",0.047208152,0.39855171,0.16663493,0.001670267,0.005473251,0.000767126,0.00232858,0.002562526,0.000190421,0.001109884
"Crocidura_denti",0.002943461,0.262361973,0.368000135,0.000635968,0.00037145,0.001480172,0.002099256,0.001170631,0.000123817,0.066630272
"Oryctolagus_cuniculus",0.134582633,0.000257883,0.000107451,0.224299015,0.113903649,0.001359258,0,0.001144355,0,3.76e-05
"Chaetodon_reticulatus",0.230903476,0.000280287,0,0.112416178,0.062482813,0.003691325,0.028271952,0.188336894,0.012417236,0
"Aphis_gossypii",0.02059746,0.858265206,0.022839221,8.23e-05,0.000473032,0,0.010494113,0.000215949,0.002385727,0.008247211
"Corallus_hortulanus",0.180439128,0.13241143,0.000724061,0.012869934,0.074277468,0.013022905,0.271415897,0.008122744,0,7.14e-05
"Grus_carunculatus",0.26537619,0.002050677,0.032365476,0.010072136,0.078422843,0.021081577,0,0.020713905,0.391891542,0
"Anabrus_simplex",0.115654852,0.327208511,0.55215865,0,0,0,0.002193324,0,0,0.000854751
"Mesonauta_festivus",0.045647356,0.033197595,0.001330873,0.146708873,0.037216726,0.025185845,0.002677653,0.05081178,0.161873403,0.01112419
"Lophochroa_leadbeateri",0.022899413,0.068308086,0.005779475,0.00020288,0.000931167,0.001165259,0.007433726,0.000369345,0.001893545,0.053622706
"Setophaga_petechia",0.008870215,0.52334267,0.014939309,0.018207283,0,0.000933707,0.01774043,0,0,0.022875817
"Ophiura_sarsii",0.005527426,0.424112629,0.001947857,0.00016827,0.000586397,0.003258326,0.000163171,0.028065452,0,0.00039773
"Mungos_mungo",0.283308856,0.004205651,0.004852674,0.070705255,0.09816266,0.021906356,0.00075486,0.028356048,0.090270004,0.254254434
"Tupaia_belangeri",0.535995908,0.038718075,0.00100277,0.095997529,0.065210455,0.004279499,0.000734352,0.008812224,0.007399229,4.56e-05
"Vulpes_vulpes",0.076199713,0.002729631,0.00110985,0.064791253,0.063591415,0.062661541,0.000884881,0.032065671,0.665105211,0.000134982
"Chlorurus_spilurus",0.014497367,0.119111866,0,0.011601936,0.014881404,0.005856552,0.002380014,0.0224358,0.020667212,0.000459833
"Dryocopus_pileatus",0.000797096,0.695780171,0.128125282,1.59e-05,0.001009655,0.137711696,0,0.035130697,0,4.78e-05
"Boiga_dendrophila",0.009838761,0.53553595,0.002379275,1.02e-05,0.000765861,0.004171389,0.000260393,0.01145728,0.002088248,0.00089861
"Ailurus_fulgens",0.348312109,0.006194941,0.000851038,0.082404987,0.077061083,0.230324544,6.13e-05,0.027478552,0.000199342,0.000329681
"Osphranter_rufus",0.346078417,0.007222214,0.000913892,0.229376923,0.083915013,0,3.95e-05,0.020846609,9.39e-05,0.000938591
"Ara_chloropterus",0.037445703,0.022073202,0.143572282,0.000808256,0.014480813,0.206391999,0.000636175,0.081279234,0.000396306,0.000980336
"Mischocyttarus_flavitarsis",0.119350864,0.126690662,0.363405238,0.009974722,0.01150892,0.000842591,0.00020943,0.001120208,0.02000789,0.000238653
"Plegadis_chihi",0.152380802,0.015922155,0.306345109,0.016318031,0.022810407,0.005178065,0.12653798,0.006666561,0.000269196,0.004608003
"Ovis_aries",0.32929087,0.000413602,0.000713955,0.291057343,0.07844151,0.000359439,3.45e-05,0.008867815,0,0.000108324
"Axis_axis",0.328218803,0.002413981,0.000781994,0.256119951,0.051179305,0.008864215,0,0.016237299,7.29e-05,1.94e-05
"Hymenolaimus_malacorhynchos",0.223037817,0.116041851,0.168854341,0.010305356,0.065282561,0.015854898,0.187792319,0.007747056,0.003266752,0.045190069
"Dama_dama",0.230336782,0.000470487,0.001430663,0.361564128,0.160387911,0.003571857,9.6e-05,0.014215416,0.000196836,0
"Naso_lituratus",0.255221056,0.003740385,0,0.139490305,0.122312059,0.000211349,0,0.008689882,0.005411516,0
"Rusa_unicolor",0.059344846,0.000513414,0.000652563,0.196306302,0.037152906,0.00790273,0.012456276,0.010508183,0,0.011256712
"Ducula_bicolor",0.082434766,0.090605773,0.016706792,0.000393959,0.002665305,0.002212981,0.023326281,0.007655456,0.00937234,0.048622358
"Astrochelys_radiata",0.360131551,0.092589481,0.000182442,0.085978347,0.147379792,0.086155988,0.003768874,0.03952757,0.003010298,0.000307271
"Coregonus_clupeaformis",0.004736318,0.052813057,0.006283164,0.001446277,0.000330441,0.151021014,0.099347739,0.006623183,0.08473172,0.002408865
"Pongo_abelii",0.409270839,0.004546295,0.00114724,0.184625085,0.043452909,0.011756842,0,0.008338825,3.32e-05,2.37e-05
"Trichoplusia_ni",0.01446224,0.031001876,0.030028681,0,0,0,0.079619518,0,0.002011894,0.019145741
"Morelia_viridis",0.406853026,0.085937427,0.001852421,0.0253521,0.042633602,0.069907937,0.049368408,0.022894617,0.002210804,9.31e-06
"Aporrectodea_caliginosa",0.001447454,0.109349408,0.000685636,0.000228545,0.003023464,0.009575096,0.010484516,0.087628081,0,0.001333181
"Chilo_suppressalis",0.000202418,0.482118212,0.326486392,0.000124211,5.06e-05,0,6.44e-05,5.98e-05,0,0.002879856
"Callorhinus_ursinus",0.021436569,0.066653397,0.047376409,0.002552683,0.003119946,0.00098027,0.053422238,0.000626975,9.45e-05,0.035578335
"Brachylophus_vitiensis",0.212740407,0.011571187,0.00439854,0.110554635,0.092806874,0.011468787,0.001121744,0.009020499,0.008722608,2.79e-05
"Potos_flavus",0.025758447,0.259379191,0.041374465,0.004969023,0.002937983,0.050744076,0.172842818,0.282442358,0.001162419,0.0292968
"Rhinecanthus_aculeatus",0.003214363,0.010931773,0,0.002278474,0.009986084,0.012563454,0.00344466,0.026783089,0.000416495,0
"Chaetodon_ornatissimus",0.202744675,0.001322568,0,0.115570363,0.051999521,0.008935402,0.037792278,0.197242422,0.01146994,0
"Eremophila_alpestris",0.011678348,0.025047084,0.190164871,0.001165519,0,0.141498657,0.021511933,0,0,0.002624348
"Pseudopus_apodus",0.295454342,0.011908281,0.000237359,0.177697165,0.15492409,0.013135384,0,0.035411348,0.003587263,0.000120919
"Felis_margarita",0.228303902,0.261205731,0.021573604,0.063049997,0.068763107,0.014704153,0.007609313,0.003322031,0.001808008,0.004316681
"Todiramphus_cinnamominus",0.000394697,0.031930067,0.072364054,0.086546224,0.007113511,0.011482086,0.029736809,0.007203215,0.000399182,0.216150272
"Ursus_arctos",0.001748349,0.015070437,0.103426318,8.94e-05,0.059432708,0.191374437,0.004228436,0.495503446,0.001301487,0.00107247
"Bufo_bufo",0.193164867,0.035232877,0,0.145052838,0.063069762,0.000197107,0.074985777,0.012305749,0.000273262,4.93e-05
"Anolis_barbatus",0.048464411,0.075795161,0.0333248,0.004091667,0.002136318,0.016750678,0.127945162,0.002317287,0.002211354,0.208944288
"Marmota_marmota",0.15098448,9.27e-06,0.004123234,0.259198517,0.084757934,0.004614315,0,0.000843178,4.63e-05,2.78e-05
"Porites_lobata",0.000246971,0.029806282,5.15e-05,0,1.03e-05,1.03e-05,0.883615034,0.000149211,5.66e-05,7.2e-05
"Ctenochaetus_striatus",0.021507838,0.031101295,0,0.01060353,0.029386414,0.021162168,0.000300778,0.023119467,0.010078292,0.000134677
"Anolis_allisoni",0.365997587,0.087554421,0.000428374,0.056742084,0.06708863,0,0.07046754,0.004952529,0.001215184,0.012864337
"Bos_frontalis",0.127454379,3.95e-05,0.00019306,0.166044342,0.028704439,0.00309334,0.026146401,0.015506189,3.95e-05,0.007187079
"Vicugna_vicugna",0.3691309,0.000837191,0.04829406,0.240720773,0.065033488,0.000688162,4.82e-05,0.01357476,0,0
"Chlorocebus_pygerythrus",0.09331657,0.048879478,0.006930475,0.2281057,0.207203988,0.010865537,3.97e-05,0.005783483,3.53e-05,7.94e-05
"Duttaphrynus_melanostictus",0.016124833,0.046886119,0.000507698,0.009294777,0.006235572,0.000815788,0.201430233,0.000260358,0.000407894,0.072592123
"Sapajus_apella",0.23654669,0.056651692,0.031303021,0.002235549,0.040624033,0.022168749,0.000309455,0.060706626,0.121221175,0.21454334
"Callithrix_geoffroyi",0.436283771,0.001253812,0.003607907,0.066558628,0.116109772,0.009070943,0.000238821,0.02101627,0.04419046,0.003108941
"Cercocebus_chrysogaster",0.305757585,0.029439482,0.011876795,0.220631535,0.134752477,0.002736984,0.000121744,0.021354784,0,0
"Tragulus_javanicus",0.136381604,0.000779757,0.000146204,0.556210166,0.041078014,0.000308654,0.001342914,0.00353598,0.000444028,0.023896292
"Choloepus_didactylus",0.363850001,0.006805425,0.006438509,0.156258327,0.168436456,0.010199402,0.002389324,0.004564614,0,0.000541638
"Spiza_americana",0.158281718,0.01030969,0.004595405,0.002997003,0,0.456543457,0.018021978,0,0,0.021178821
"Pheucticus_chrysogaster",0.195558988,0.045316452,0.474366148,0.022801574,0.016073468,0.008716481,0.055979691,0.003264634,0.001858899,0.005812529
"Shinisaurus_crocodilurus",0.101666916,0.237037406,0.001166343,0.001734987,0.064734107,0.316676628,0.025057695,0.050219156,0.000298849,0.032342149
"Geochelone_platynota",0.246028699,0.000632877,4.64e-05,0.102724323,0.072401092,0.033968601,0.000324877,0.004679068,0,0.129355774
"Dascyllus_flavicaudus",0.00512513,0.046579148,0.002014677,0.002709244,0.016156239,0.034102822,0.007855944,0.136165385,0.006962929,0.001833485
"Aneides_aeneus",0.31904058,6.62e-05,0.003660137,0.149928992,0.204607467,3.73e-05,0.002480116,0.016313281,0.000492711,0
"Anthornis_melanura",0.112711546,0.321605867,0.239418014,0.012814968,0.061484581,0.000155134,0.143714742,0.003784317,0.000446596,0.066030463
"Graphiurus_murinus",0.076580621,0.257196791,0.264380009,0.002702059,0.043174481,0.068386741,0.059988223,0.007379504,0.188095904,0.002752175
"Crocidura_luna",0.001456435,0.746937079,0.076288651,0.000155297,0.000193072,0.001175221,0.006186701,0.082487943,2.52e-05,0.032150697
"Tapirus_terrestris",0.444032202,0.001338817,0.00209573,0.197471124,0.024453098,0.000844417,0,0.003653308,0.002384494,0.014845117
"Zebrasoma_scopas",0.251445916,0.064553307,0,0.176549558,0.126531405,0.006374697,0,0.031877707,0.018001131,0
"Contopus_virens",0.000927333,0.984686812,0.00195838,0.000164724,0.00111646,0.000152522,0.000597885,0,0,0.000237934
"Cervus_nippon",0.226541789,8.93e-05,0.00015427,0.306697358,0.08094316,0.000239525,7.71e-05,0.028466919,0,0.000239525
"Notamacropus_rufogriseus",0.374019328,0.00568769,0.002339558,0.159342113,0.088928019,7.44e-05,0.024412424,0.003922687,1.65e-05,0.052408588
"Ceratotherium_simum",0.317509337,0.000116461,0.001497932,0.161925224,0.16175254,0.000590338,0,0.02417172,9.24e-05,8.43e-05
"Tockus_deckeni",0.111722841,0.00276484,0.257033664,0.161027813,0.183865873,0.013494669,0.000687191,0.002350918,0.008125736,0.000188877
"Gymnocypris_przewalskii",0,0.415666607,0.000908494,0,0.053502919,0.169065786,0.000558601,0.000699786,0.207695188,0.000939186
"Panaqolus_albomaculatus",0.000929426,0.013281935,0.005368539,0.010918538,0.004894975,0.027227745,0.0005311,0.005850956,0,0.035092456
"Strix_woodfordii",0.051752218,0.029885592,0.477323053,0.022428234,0.029279858,0.100255131,0.002471077,0.043416344,0.014184625,0.005126683
"Solenopsis_invicta",0.020271016,0.025943433,0.035377767,0.000681478,0.00311983,0.00043331,0.00700386,0.001165997,0.001032065,0.080359253
"Temnothorax_nylanderi",0.020271016,0.025943433,0.035377767,0.000681478,0.00311983,0.00043331,0.00700386,0.001165997,0.001032065,0.080359253
"Dacelo_novaeguineae",0.000566184,0.42910864,0.014754597,0.000274642,0.001073215,0.005112561,0.010977217,0.003333728,0.008606848,0.004022445
"Equus_grevyi",0.435056408,0.000236596,0.004140428,0.111665359,0.04630181,0.003024484,0,0.015201284,0,0.000130128
"Rallus_limicola",0.020892246,0.282508334,0.039552974,0.010249623,0.011604796,0.011812589,0.004788277,0.14943941,0.236062049,0.005235484
"Echinops_telfairi",0.531541956,0.080188716,0.014305129,0.094272512,0.128889838,0.004162622,0.000291228,0.004182037,0.003603464,0.000240749
"Ninox_novaeseelandiae",0.207838346,0.013033099,0.023590593,0.056762101,0.266666131,0.000120565,0.057521662,0.148295208,0.003086469,0.022694391
"Uroplatus_fimbriatus",0.395644951,0.098970294,0.007260997,0.034221563,0.099446615,0.031940642,8.52e-05,0.005739092,0.014188956,0.000453086
"Fukomys_damarensis",0.218810604,0.166901736,0.052986713,0.068304938,0.052169314,0.028048018,0.001222092,0.01522206,0.00491241,0.00201545
"Troglodytes_aedon",0.127062922,0.41411497,0.23916305,0.006182474,0.015546807,0.000130899,0.040427739,0.000251729,0.000281937,0.002769023
"Antidorcas_marsupialis",0.363851714,0.001471558,0.005428614,0.161436205,0.050566864,0.130896888,3.14e-05,0.008012813,0,0.018363071
"Spheniscus_mendiculus",0.000242256,0.163318609,0.000287679,0,0.000189263,0.146337955,0,0.040070709,0.348163962,0.000503439
"Tragelaphus_eurycerus",0.367420877,0.00071315,0.000488145,0.276168212,0.09452095,0.001639863,0.000278395,0.008862888,4.58e-05,0.000263141
"Procyon_lotor",0.01869237,0.005552925,0.215421902,0.001221086,0.022411344,0.374074899,0,0.141000641,0.133715909,7.89e-05
"Lethenteron_camtschaticum",0.000662259,0.000997109,0.165988905,0.00180819,0.000900375,0.000301365,0.103822128,0.00548038,0.000193469,0.001101285
"Sturnira_lilium",2.65e-05,0.006931699,0.980179435,0,0,0.004785451,0,0.000106175,0,0
"Eulemur_rufus",0.372584537,0.002653948,0.000445418,0.169685609,0.210793957,0.009561635,4.08e-05,0.006369474,0,3.71e-05
"Capra_hircus",0.12395699,0.002498005,0.054180617,0.157374335,0.028130523,0.002993878,0.001260188,0.018496424,5.59e-05,0.28606635
"Octodon_degus",0.364872083,0.080150296,0.000618864,0.06732728,0.12400862,0.01048754,0.083347761,0.003068536,0.023752602,0.004991435
"Littorina_arcana",0.001787362,0.398896816,0.002593141,0,0,2.93e-05,0.019206821,7.33e-06,0,0.00271767
"Dendrobates_tinctorius",0.474325378,0.0030474,0.002550017,0.109398315,0.145710998,2.6e-05,0.038120337,0.00885639,0.000371181,0.000601314
"Cynictis_penicillata",0.202658493,0.003352623,0.037048512,0.022361884,0.182358343,0.185050769,1.48e-05,0.067509802,0.155279182,0
"Pocillopora_elegans",0.000664143,0.177298296,2.4e-05,0,2.4e-05,1.6e-05,0.694510014,1.2e-05,0.000332072,0.000336073
"Dinemellia_dinemelli",0.000880784,0.025579271,0.045351217,8.77e-05,0.000438564,0.000511659,0.033254148,7.31e-05,0,0.03575762
"Uroplatus_lineatus",0.000932088,0.003757253,0.191088808,0.001257235,0.016344049,0.051774218,0.005971864,0.172526536,8.31e-05,0.016546362
"Hippopotamus_amphibius",0.057474172,0.008011807,0.000460328,0.00070279,0.059656336,0.04733994,0.000354909,0.026758732,0.000238949,0.003011455
"Phalacrocoracidae",8.71e-05,0.010566324,0.092835942,0,0.00015677,0,0.823744792,8.01e-05,0.000153287,0.066846895
"Felis_catus",0.260298858,0.024224025,0.001250452,0.056516937,0.182145636,0.064964432,4.17e-05,0.188832078,0.014897741,9.73e-05
"Chrysolophus_pictus",0.14871732,0.005110524,0.231329638,0.024286709,0.019067988,0.007685622,0.005633478,0.00441806,0.000779021,0.003628219
"Archaeopsylla_erinacei",0.008458978,0.028328499,0.189049073,0.000119805,0.000588135,0.00706488,0.010197969,0.004418273,0.032877468,0.171227133
"Heloderma_horridum",0.454909245,0.213933168,0.001084375,0.022782366,0.053470174,0.051105538,0.000195887,0.050755739,0.061421091,0.000262349
"Capra_ibex",0.299029351,0.000122522,0.000435635,0.334023089,0.0907448,0.001599597,4.08e-05,0.012878458,3.74e-05,1.7e-05
"Corvus_corax",0.016807522,0.018271556,0.183585152,0.001256828,0.011797196,0.000332889,0.007004266,0.121674502,0.000122286,0.004871056
"Chinchilla_lanigera",0.390644417,0.086298,0.04243042,0.049864749,0.06307653,0.152645058,0.000637537,0.013103724,7.2e-05,0.000392607
"Halichoeres_trimaculatus",0.002010799,0.01655394,0.000267169,0.001866669,0.014455256,0.012919034,0.006201136,0.012637803,0.002622476,0.001110861
"Rhyticeros_undulatus",0.005117976,0.042122068,0.16192651,6.64e-05,5.31e-05,0.000109529,0.223853351,9.96e-06,0,0.02698056
"Hypogeomys_antimena",0.325775545,0.045662328,0.005514694,0.129631844,0.15323872,0.002767313,0.010660634,0.002813823,0.000980021,0.025085212
"Icterus_spurius",0.110672625,0.0109628,0.271678951,0.001358018,0.000191515,0.000406245,0.023248796,0.00011607,0,4.64e-05
"Bos_taurus",0.295131341,0.000593621,0.000507893,0.233064829,0.05690832,0.008420678,0.000283062,0.027384187,4.21e-05,0.000900945
"Panthera_onca",0.214212617,0.008957639,0.002305769,0.022159044,0.130159197,0.070385105,0.000377366,0.085946644,0.232530845,0.001439107
"Dasypus_novemcinctus",0.025570244,0.132749492,0.181379241,0.123379175,0.091045919,0.039199494,0.009370317,0.031234391,5.99e-05,0.072671573
"Crax_alberti",0.008197167,0.145844989,0.005083266,0.003069142,0.002906094,0.022414328,0.172230019,0.008564824,0.000131078,0.156817172
"Xanthocephalus_xanthocephalus",0.052582055,0.12772227,0.030469611,0.007663831,0.003342867,0.082742141,0.018596244,0.002030482,0,0.000668573
"Psarocolius_decumanus",0.287900943,0.223052561,0.057274259,0.000542453,0.000869272,0.014157682,0.01643531,0.000202156,2.02e-05,0.000569407
"Equus_przewalskii",0.276269758,0.009042499,0.097323986,0.087637761,0.183188972,0.035243167,6.4e-05,0.032769371,0.075986654,0.00137171
"Tachycineta_bicolor",0.031231546,0.269728583,0.01269383,0.000782976,0.001146032,5.69e-05,0.003792402,0.001119787,0,0.01162216
"Ixodes_ricinus",0.001118817,0.045716481,0.001361452,0.000522339,0.000353843,0,0.086239899,0.000138167,0,0.003491248
"Vipera_ursinii",0.214420771,0.42026263,0.018167466,0.071302257,0.02750514,0.037791267,0.073407211,0.013030522,0.00781097,0.018216419
"Sceloporus_undulatus",0.28010661,0.08778029,0.026106431,0.042409454,0.166241482,0.017064962,0.000191256,0.005540252,0.010531414,0.001298689
"Rhinoceros_unicornis",0.506752199,0.016169419,0.001732112,0.119959402,0.062717654,0.00453388,3.34e-05,0.018567027,0.000340345,0.013203557
"Lophuromys_aquilus",0.392201735,0.005394909,0.198955985,0.123143159,0.103901943,0.028538692,0.000262252,0.00487977,0.000109272,0.002497643
"Pheucticus_melanocephalus",0.010057345,0.002426114,0.025672695,0.002779003,0.001985002,0.581164535,0.002690781,0,0,0
"Popillia_japonica",0.557931537,0.018797799,0.006109668,0.010046941,0.339215242,0,0.000477988,0,0,0.000278826
"Lemur_catta",0.223228989,0.000201957,0.003879913,0.137109678,0.062505826,0.000784527,0.053336181,0.003852726,3.5e-05,0.230716949
"Eudyptula_minor",0.002275661,0.21198491,0.049477843,0.000611584,0.002350331,0.210868413,0.285200738,0.001376064,0.005529144,0.098507664
"Littorina_obtusata",0.001535373,0.284486831,0.000593481,0,0,8.86e-06,0.008831345,0,0,0.001071808
"Charadrius_obscurus",0.00613594,0.031966665,0.090555223,0.061436759,0.095745279,0.000386793,0.377126481,0.008941946,5.63e-05,0.22423081
"Spermophilus_citellus",0.153543421,0.00023983,0.003062893,0.326088338,0.162818787,0.001060455,7.22e-05,0.002097793,0.000156034,0
"Stegastes_nigricans",0.005199359,0.112731548,2.09e-05,0.004478389,0.019834147,0.005477575,0.002231715,0.009363632,0.033347095,2.39e-05
"Platalea_ajaja",0.074008673,0.011886314,0.24522205,0.03060771,0.128082694,0.159741492,0.044241835,0.163741636,0.031340469,0.010204572
"Stegophiura_sladeni",0.006244001,0.175606423,0.007760262,0.001805847,0.004483707,0.004103015,0.00075813,0.003543365,0.001493484,0.00087852
"Myiarchus_crinitus",0.003021279,0.261780202,0.126091963,0.000167161,8.67e-05,0.003897326,0.001504448,0,6.19e-06,0.000752224
"Basiliscus_plumifrons",0.385503834,0.118613778,0.030051923,0.031346978,0.107163557,0.012316609,0.010946085,0.012838858,0.031875264,0.061954356
"Myrmecophaga_tridactyla",0.046545472,0.01233121,0.090529273,0.048698588,0.054069448,0.04854948,0.001568613,0.026919911,0.006736688,0.072066753
"Ips_acuminatus",0.008530368,0.324621806,0.033208203,0.059519274,0.232933662,0.000397804,0.005686912,0.000941282,0.00017649,0.007009189
"Coendou_prehensilis",0.340587733,0.027900167,0.01296519,0.162000247,0.125088514,0.007533523,0.093793906,0.003658578,0.000946959,0.004633636
"Connochaetes_taurinus",0.322729159,0.000165967,0.001815677,0.231377691,0.056777256,0.007329096,0,0.014744494,0,0.043450119
"Melopsittacus_undulatus",0.030879991,0.006464419,0.502016999,0.000219935,0.000540094,0.00052339,0.000339646,0.000161471,0.001628633,0.001224955
"Mergellus_albellus",0.091805757,0.090405822,0.089803116,0.026672109,0.219997066,0.041452743,0.003590722,0.010274693,0.004190238,0.008176385
"Hippotragus_niger",0.33275456,0.000554619,0.001493848,0.248798094,0.053145859,0.044946419,0,0.009735093,0.000353953,0.000189518
"Alisterus_scapularis",0.362894127,0.018237664,0.308752512,0.000797608,0.008118197,0.00710886,0.004469504,0.00251754,0.000142119,0.004182365
"Littorina_aleutica",0.001506913,0.313315432,0.001100242,0,0,0.000103061,0.006442682,2.51e-05,0,0.013927111
"Panthera_tigris",0.280529564,0.00407748,0.003673213,0.048217608,0.124511733,0.06055714,0,0.082125216,0.181457237,2.68e-05
"Himantopus_himantopus",0.250689355,0.00161313,0.046269538,0.032191075,0.009289402,0.000924437,0.271601766,0.000132441,0.231890699,0.022093784
"Trimeresurus_flavomaculatus",0.012697552,0.649741026,0.002779749,0.000526186,0.038238819,0.000706896,0.011472443,0.001310149,0.001158672,0.001666255
"Laticauda_laticaudata",0.036228434,0.167753981,0.000148935,0.002172855,0.043587418,0.014143504,0.000811164,0.006553139,0.00113297,0.012784472
"Zenaida_graysoni",0.052228738,0.04587178,0.459054062,0.004079182,0.058405556,0.015856368,0.016536899,0.005852565,0.007946198,0.046087949
"Cinnyricinclus_leucogaster",0.120958907,0.080491603,0.011555266,4.24e-05,0.000591557,0.00074011,0.011406713,0.000676445,0.003042674,0.456756621
"Hylomyscus_denniae",0.292325281,0.011220487,0.014629375,0.082940874,0.247275512,0.000270089,0.001646755,0.000516578,0.002142355,0.000624089
"Choloepus_hoffmanni",0.389888767,0.003695338,0.035367765,0.126205508,0.045666292,0.001997983,9.05e-05,0.00710601,0.000268703,0.004368427
"Pongo_pygmaeus",0.270984716,0.009367431,0.001414641,0.195974797,0.065441514,0.012475988,0.000135722,0.01460317,1.57e-05,0.000506348
"Bellamya_jeffreysi",0.015061767,0.032017116,0.001562723,0.01624417,0.012986379,0.002458382,0.039626871,0.001987827,0.003415533,0.04058536
"Azumapecten_farreri",0.043230884,0.033615687,0.000197249,0,0.000977911,0.000663979,0.171690036,0.000525071,9.72e-05,0.000300041
"Peponocephala_electra",0.184399892,0.161533907,0.085274489,0.013519914,0.00047901,0.198218515,0.004779333,0.051052207,0.275476319,0.004052745
"Melursus_ursinus",0.302768894,0.085156078,0.022930388,0.076557824,0.130398292,0.062515721,0.010767067,0.03737802,0.000564661,0.005143552
"Sceloporus_occidentalis",0.481554395,0.076582635,0.010324229,0.089862369,0.149556048,0.005700617,0,0.011115703,0.000353158,0.000275513
"Tragelaphus_oryx",0.457455827,0.002208039,0.000436186,0.165511718,0.03763523,0.002735405,0.003124769,0.010249144,0,0.001761995
"Lycaon_pictus",0.341628244,0.014278733,0.009682881,0.042382043,0.061414594,0.024003574,2.72e-05,0.121609881,0.270826957,4.94e-06
"Anas_rhynchotis",0.267018179,0.053256491,0.04739679,0.118683733,0.036454855,0.000370471,0.002058461,0.016384204,0.310712869,0.0001748
"Boa_constrictor",0.35382972,0.007854917,0.012956909,0.025218418,0.029811406,0.126923702,0.037436912,0.088208305,0.008939837,0.00038952
"Kladothrips_zygus",0.001886111,0.032621897,0.011180322,0.000305515,0.001732091,0,0.058646191,0.000868571,0.000191894,0.003643452
"Amblyrhynchus_cristatus",0.155217573,0.025652332,0.002983053,0.032512391,0.1308134,0.059822511,0.001836096,0.048646903,0.001568633,0.004286633
"Galleria_mellonella",0.074711051,0.047737783,0.079179365,0.025190205,0.026471264,0.000582515,0.456042642,0.00253607,0.009632803,0.010849927
"Gampsocleis_gratiosa",0.000389729,0.337793815,0.657320822,0,2.29e-05,0,0.000767995,2.29e-05,0.00110041,0.000151306
"Nycticebus_pygmaeus",0.473334508,0.019605869,0.003280992,0.023435981,0.058206712,0.001542112,4.12e-05,0.004903183,0.006539103,3.43e-05
"Leontopithecus_chrysomelas",0.241330948,0.032809274,0.153975969,0.079668826,0.154210485,0.033958863,6.9e-05,0.042606073,0.088044733,0.000802413
"Bovicola_caprae",0.309056198,0.007565983,0.012128328,0.134644922,0.189902769,0.000434617,0.0057638,0.004685221,0.000537014,0.024286238
"Porphyrio_hochstetteri",0.005074711,0.205986373,0.605956226,0.00018423,0.002453614,0.000675512,0.044687046,0.048469352,8.37e-05,0.014018261
"Ceratitis_capitata",0,0.832730441,0.000224434,0,0,0,0.000343252,0,0,0.153473451
"Athene_cunicularia",0.150192832,0.082153927,0.028479434,0.032563194,0.091334592,0.002954825,0.000570034,0.007837968,0.070292321,0.001445125
"Artibeus_jamaicensis",0.001987591,0.95415043,0.02643518,0,2.39e-05,0.001264831,0.000914335,0.000320017,4.79e-05,0.001674105
"Chondestes_grammacus",0.004202394,0.035574215,0.044705734,0.00135077,0.0031123,0.002077499,0.002808179,0.000505551,2.76e-05,0.002519857
"Pavo_cristatus",0.243366196,0.001584959,0.020317463,0.191848598,0.210418322,0.000460495,2.36e-05,0.002139695,0.001430747,0.000192765
"Sarcoramphus_papa",0.079740737,0.021445982,0.00367589,0.009732232,0.037841724,0.161857541,0,0.055068213,0.622687499,0.000100829
"Strigops_habroptila",0.059271261,0.40173424,0.348614303,7.54e-05,0.151465767,0.01149252,0.005251705,0.001342364,0.000122461,0.001587287
"Siganus_fuscescens",0.038914362,0.002134319,0.003577987,0.068235838,0.058206387,0.059548421,0.001894093,0.065078247,0.001519894,0.004598949
"Equus_caballus",0.288019946,0.000650129,0.007664794,0.104456227,0.116640367,0.014896169,0.006147826,0.015443203,9.47e-05,0.090559448
"Tolypeutes_matacus",0.363731085,0.016986597,0.02437527,0.087341115,0.107356247,0.021521833,0.00022914,0.023975357,0.000529615,0.000512322
"Plethodon_cinereus",0.390603705,0.023173709,0.001487196,0.024342822,0.039625547,0.000294911,0.076028135,0.004484758,0.000855243,0.045323655
"Tamandua_tetradactyla",0.138646896,0.006641248,0.135227828,0.172767709,0.186496906,0.071057328,0.002182699,0.048068068,0.018621745,0.001352808
"Lepus_europaeus",0.341149379,9.79e-05,1.25e-05,0.228978501,0.104215335,0.00030398,3.33e-05,0.005198899,8.33e-05,8.33e-06
"Equus_zebra",0.377185176,1.03e-05,0.001256618,0.15350514,0.079111303,7.83e-05,0,0.017221845,0.000490287,6.59e-05
"Dromaius_novaehollandiae",0.009157067,0.033641951,0.079357217,0.002384703,0.009372101,0.100836458,0.277981,0.116338236,0.00020537,0.100447464
"Callosciurus_prevostii",0.332091984,0.056867513,0.097117544,0.028484637,0.09068057,0.055092094,0.000320441,0.04751409,0.030270881,0.001253618
"Icteria_virens",0.003363117,0.810968936,0.049869654,0.002587013,0.000636803,0,0.000199001,0,0,0
"Suricata_suricatta",0.362755942,0.014666289,0.013577357,0.099566571,0.154122509,0.026818174,0.000861714,0.018792657,0.078113746,0.000267946
"Grus_paradisea",0.008338293,0.198045195,0.270394254,0.000734228,0.001227122,0.002474696,0.077077568,0.005462737,0.000317006,0.001881587
"Tremarctos_ornatus",0.314921999,0.017600098,0.054297177,0.102234125,0.098079508,0.069070506,0.000983667,0.107453872,0.025355383,0.001515213
"Reticulitermes_flavipes",0.185167853,0.006620075,0.03061702,0.052424197,0.013948735,0.000150105,0,0.002476734,0,0
"Bos_indicus",0.276914864,0.020381457,0.000172605,0.253731583,0.056512132,0.003383864,6.42e-05,0.025740245,4.42e-05,0
"Diceros_bicornis",0.409202856,0.000952186,0.002740045,0.152361782,0.071090514,0.001661303,0.000335475,0.01506824,0.000881877,0.075258838
"Dendrocygna_viduata",0.150339321,0.092116305,0.087670449,0.017157659,0.319665093,0.027909696,0.009915255,0.005449994,0.00341989,0.108953805
"Cardinalis_cardinalis",0.002892703,0.023542152,0.035335479,0.002403169,0.000496952,0.000741719,0.00195072,0,0,0.001164498
"Liriomyza_trifolii",0.001628111,0.001114076,0.000132009,0,0.000122008,0,0.006928471,0,0,0.000166011
"Crocodylus_rhombifer",0.100563811,0.115569886,0.005786643,0.029007482,0.031175668,0.057897375,0.029541793,0.024161556,0,0.018762752
"Potamochoerus_larvatus",0.131203688,0.002683547,0.004994379,0.201475548,0.128199807,0.044641166,0.012813332,0.037426615,0,0.008002289
"Saguinus_labiatus",0.437403507,0.02619494,0.047838947,0.055416614,0.024948406,0.003042488,0.002922364,0.009119589,0.064471217,0.002059834
"Sirex_noctilio",0.023829957,0.016179851,0.015309406,0.006316854,0.010399362,0.002142397,0.023400864,0.002960738,4.29e-05,0.029837251
"Tragelaphus_strepsiceros",0.326891464,0.115305527,0.018037233,0.225322044,0.058713315,0.000351553,1.18e-05,0.012011729,0.001936489,0.000868081
"Molothrus_ater",0.003080498,0.675200552,0.005583204,0.00248036,0.002314364,0.175112765,0.002544204,2.87e-05,0.000609715,0.001535461
"Desmodus_rotundus",0.046197964,0.167451339,0.027147344,0.000420172,0.000861354,0.000823538,0.05118121,0.000394962,0.000773117,0.028838538
"Eudromia_elegans",0.253717746,0.000317413,0.018257405,0.15527451,0.183394377,0.045004565,8.24e-06,0.014199059,1.44e-05,4.12e-06
"Calcarius_ornatus",0.009838747,0.833217207,0.109293698,0.002303245,0.002282211,0.000983349,0.003531116,0.000822963,0,0.004716919
"Varecia_rubra",0.183356461,0.008731146,0.104599707,0.04158143,0.136787167,0.07024019,0.007841819,0.069918315,0.018365926,0.074131296
"Seiurus_aurocapilla",0.002869574,0.677047702,0.009388731,9.3e-05,0.000966066,0.21151837,0,0,0,0.001209372
"Polygraphus_poligraphus",0.002330169,0.891835934,0.002256488,0.002403851,0.009119896,0.00036288,0.000412615,0.00058024,0,0.009690926
"Heterocephalus_glaber",0.205862407,0.300253768,0.088875697,0.048980506,0.075145509,0.067109859,0.023236157,0.019155431,0.004120039,0.001533221
"Danio_rerio",0.004062095,0.604249856,4.36e-05,2.18e-05,0,0,0.005336834,0.00101507,0.339870456,0.009718522
"Triatoma_rubrofasciata",0.006368476,0.135335967,0.000217495,0.00072079,0.002018572,0,2.34e-05,1.8e-05,2.52e-05,2.16e-05
"Saimiri_boliviensis",0.138248737,0.065558929,0.056179663,0.014057906,0.033354052,0.006982986,0.000767449,0.012540996,0.098355381,0.006737163
"Centronyx_bairdii",0.02316542,0.660397791,0.012017231,0,0.000237629,2.04e-05,0.057346636,0,1.7e-05,0.000478652
"Hydrophis_curtus",0.188341364,0.545822298,0.003274161,0.015347962,0.047908756,0.007370851,0.003318478,0.00303662,0.007611937,0
"Geospiza_difficilis",0.038977848,0.052072098,0.406956774,0.003843441,0.00197876,0.017528831,0.009945657,0.000466689,0.000425205,0.001099311
"Elephas_maximus",0.431440515,0.001153075,0.000439015,0.124262358,0.159353573,0.003513882,0.000105787,0.030233842,0,1.76e-06
"Gorilla_gorilla",0.173505404,0.025885415,0.059973859,0.163582693,0.070685396,0.032301589,0.023083257,0.011613602,0,0.007329755
"Sceloporus_virgatus",0.262356107,0.399264579,0.001051101,0.02927193,0.09021132,0,3.32e-05,0.001824585,0,0
"Hydrophis_cyanocinctus",0.208443468,0.32041067,0.003265984,0.016736438,0.038572516,0.016137905,0.001714296,0.006952325,0.088217894,0
"Apis_cerana",0,0.677096904,0.084367931,0,0,0,0.000165651,0,0,0
"Andrias_davidianus",0.160717692,0.043476301,0.005705051,0.06475666,0.084322035,0.023744455,0.031896262,0.062998325,0.289931019,0.000650272
"Struthio_camelus",0.223836715,0.004678661,0.07517226,0.091327818,0.059847873,0.092724328,0.010867254,0.02187274,2.84e-05,0.004069017
"Tapirus_bairdii",0.270706384,0.017759378,0.000998726,0.064013963,0.124945815,0.000603437,0.008843406,0.010921062,4.77e-05,0.059100535
"Macroscelides_proboscideus",0.260012032,0.016779208,0.015349535,0.051677402,0.074744059,0.016329734,0.004766153,0.004615752,0.003103099,0.011385521
"Charadrius_vociferus",0.105151481,0.04202996,0.352103179,0.007917741,0.053457357,0.008655534,0.000657477,0.025000934,0.10778886,0.000935784
"Littorina_compressa",0.00440685,0.626082762,0.002832237,0,0,7.92e-05,0.020223616,0,0.000682218,0.002243049
"Calypte_anna",0.000554896,0.143464887,0.485009465,0,0,0,5e-06,0,0,0.004280868
"Alligator_sinensis",0.233656487,0.307432416,0.085418529,0.007657385,0.013430025,0.030027785,0.005599088,0.019256191,0.123226969,0.001184048
"Branchiostoma_floridae",0.002318943,0.003201476,0.000869187,0.00029529,0.000967617,0.001139452,0.001910209,0.001359668,0.000110108,0.006958498
"Chaetodon_capistratus",3.31e-05,0.032996061,0,0.081722291,0.05325809,0.032083076,0.731876231,0.0136213,0,0
"Cariama_cristata",0.170109235,0.002563469,0.018481699,0.10508676,0.191523555,0.04613385,0.000305625,0.065717857,0.062266704,0.000937477
"Cyanoramphus_unicolor",0.214050419,0.084832564,0.143139497,0.030354123,0.012547566,0.000207439,0.195507039,0.001438796,0.00020412,0.096791003
"Ips_sexdentatus",0.002302675,0.914287053,0.001110721,0.002416715,0.008185901,3.75e-05,0.003628979,0.002251123,0,0.000185901
"Leontopithecus_rosalia",0.358617624,0.052332492,0.01633548,0.139597973,0.078619326,0.000428761,0.003277185,0.00514198,0.000113496,0.068958016
"Ips_typographus",0.002140675,0.878113326,0.000730925,0.002693848,0.0092783,5.36e-05,0.035027689,0.001529272,5.21e-05,0.004252235
"Rhinopithecus_roxellana",0.080964742,4.91e-05,0.132301311,0.119312504,0.139980074,0.051113973,0,0.043367664,0,0
"Ips_cembrae",0.002588404,0.492152374,0.047334524,0.002858538,0.017699129,9.31e-05,0.000840926,0.002573142,5.19e-05,0.000326603
"Eublepharis_macularius",0.45490445,0.092623323,0.007390797,0.062270651,0.090203247,0.008755695,0.000142715,0.004170608,0.006637749,0.003586085
"Pomacea_canaliculata",0.000263048,0.033566841,0.230715272,0.000316284,0.000137787,0.001327768,0.000189457,0.013950954,0,0.000463466
"Canis_lupus",0.21325778,0.002926424,0.006531589,0.01737518,0.112925359,0.119236616,0.000672826,0.217353886,0.174261962,7.54e-05
"Pithecia_pithecia",0.218599318,0.028977685,0.010710637,0.085355942,0.091559875,0.021319876,0.007908961,0.019003346,0.051400448,0.05893658
"Sclerophrys_gutturalis",0.361488907,0.102572957,0.003453418,0.066202338,0.087413422,0.023079803,0.000216242,0.005486738,0.03979499,0.002620724
"Ips_duplicatus",0.002538885,0.756117571,0.02390625,0.002875841,0.146182955,4.98e-05,0.009559277,0.002244416,4.83e-05,0.000572824
"Manis_javanica",0.022963322,0.274340115,0.075696172,0.012334724,0.068110851,0.237875683,0.000429962,0.208533067,0.004845458,0.00273224
"Sturnella_neglecta",0.003123562,0.004034361,0.404789845,0.002477374,0.001150483,0.349060439,0.001495628,0.002097714,0,2.49e-05
"Equus_hemionus",0.415561632,0.000283849,0.009017313,0.130699101,0.123033727,0.000709621,2.05e-05,0.0132926,4.97e-05,6e-05
"Homarus_gammarus",0.000340745,0.690318903,4.24e-05,0,0,0,0.000299919,0.00012405,0,0.000281076
"Rana_dybowskii",0.100504175,0.1140289,0.030922295,0.149420249,0.148869385,0.005718576,0.00300792,0.017864461,0.020732985,0.003367326
"Podarcis_lilfordi",0.171153632,0.043094204,0.01416258,0.173129772,0.192479535,0.019758469,1.9e-05,0.020102718,0.002860935,0.017594822
"Gallirallus_australis",0.015233791,0.087014359,0.191685388,0.007358315,0.005037076,0.001774187,0.423703252,0.019909153,0.009491225,0.15634963
"Rhynchophorus_ferrugineus",0.011459185,0.524196588,0.185233494,0.012713145,0.008729208,0.000781859,0.006310855,0.000113827,0,0.005801434
"Ichthyomyzon_fossor",0.049474261,0.062733329,0.001284379,0.000617929,0.004877784,0.001191618,0.001157368,0.000244032,0.211432967,0.074862143
"Grus_americana",0.076141922,0.105403654,0.045102547,0.146841655,0.125966151,0.020643702,0.088530801,0.022701871,0.028375862,0.106367774
"Nestor_notabilis",0.007304047,0.072989082,0.38730187,0.004248226,0.00609804,0.001620099,0.323477228,0.000527439,0.000427694,0.07911886
"Aldabrachelys_gigantea",0.200721823,0.027459172,0.003751229,0.139704402,0.061990016,0.066317105,0.000732778,0.017617748,0.025416277,0.000806795
"Mytilus_edulis",0.00604973,0.027312794,0.000737912,3.16e-05,0.001027909,0.001972551,4.16e-05,0.001414092,0.000245492,9.48e-05
"Gekko_gecko",0.133442046,0.092653812,0.013794243,0.016858396,0.049398698,0.000927858,0.00233909,0.002990535,4.58e-05,0.013526165
"Eulemur_albifrons",0.412247466,0.020647903,0.00174699,0.095217966,0.110454976,0.000259802,0.000425513,0.000300527,1.12e-05,0.00011656
"Plethodon_glutinosus",0.269658485,0.096443573,0.006144753,0.052955135,0.049338501,0.009757157,0.005229667,0.002893307,3.81e-05,0.026757451
"Phoenicopterus_chilensis",0.061479364,0.02354868,0.089598686,0.019449209,0.025113137,0.0074414,0.010446174,0.070524721,0.014140776,0.289722263
"Crassostrea_virginica",0.008339497,0.014697818,0.000421826,3.8e-05,0.001252823,0.001496076,5.34e-05,0.00147639,7.87e-05,0.000756474
"Casuarius_casuarius",0.083600328,0.006768271,0.086650112,0.031235288,0.330916143,0.250800985,0.00112492,0.049848552,0.01580513,0.003951803
"Mystacina_tuberculata",0.095248902,0.301698739,0.207350907,0.025501229,0.022944391,0.000956128,0.032227698,0.001399278,0.008551439,0.153544523
"Brithys_crini",0.007543379,0.408143925,0.11011005,0.000112365,0.001558225,3.93e-05,0.01158989,0,0,0.083196487
"Oryctes_rhinoceros",0.124371957,0.059830124,0.008071879,0.120786299,0.016806386,0.021621846,0.001276837,0.020329792,0.000113435,0.001250553
"Orycteropus_afer",0.056925189,0.001121201,0.070048306,0.019404736,0.116233111,0.011090487,0.102648494,0.022344453,0.000807265,0.029724127
"Polypedates_megacephalus",0.157082519,0.081241925,0.005830324,0.105459304,0.088216782,0.017052042,0.000140789,0.012175771,0.047530394,0
"Chelonia_mydas",0.584121967,0.002616557,0,0.012327039,0.061191827,0.074711263,0.001111785,0.044046493,0.027618278,4.03e-05
"Sus_scrofa",0.242654378,0.00883543,0.061135744,0.158404323,0.0902946,0.077043395,0.000120219,0.066311612,0.02097235,0.003323466
"Aepyceros_melampus",0.248625385,0.000817901,0.000332705,0.238227084,0.070382296,0.004253335,2.02e-05,0.012962905,5.42e-05,0.000134846
"Eriocheir_sinensis",0.314554844,0.050142554,0.019533172,0.000573468,0.001578055,0.00424475,0.004960569,0.002463338,0.000281989,0.006161734
"Acanthurus_triostegus",0.074964991,0.023374821,0.000130176,0.001023715,0.429139978,0.001300497,0.001305552,0.00894297,0.013545895,0.001256262
"Euphagus_cyanocephalus",0.00174801,0.261302817,0.179498992,5.31e-05,0.017184339,0.418947895,0.01368832,0.001285413,0.00040572,0.000187693
"Ctenopharyngodon_idella",0.099555113,0.006015945,0.002444353,0.007109534,0.006813905,0.002206407,0.009439722,0.024099832,0.114337801,0.002623413
"Haemagogus_equinus",0.004334275,0.004621259,0.002723389,0.000337766,0.000416894,0.000209037,0.034208888,0.000622388,0.000712144,0.116835294
"Harpalus_rufipes",0,0,0,0,0,0,0.000126136,0,0,0
"Siganus_guttatus",0.012567787,0.002315765,5.96e-05,0.04822308,0.100811161,0.000160151,0.00021977,0.000217432,0.003503456,0.002501634
"Trioceros_melleri",0.30083165,0.055700464,0.004728828,0.033726713,0.040560655,0.020029297,0.020563254,0.008314137,0.023720925,0.031481022
"Aporrectodea_rosea",0.001643227,0.030570484,0.000435958,3.23e-05,0.000219842,0.0032169,0.013776777,0.003791967,0,0.000240957
"Lepilemur_mustelinus",0.196705157,5.98e-05,0.000143774,0.109915868,0.20926194,2.1e-05,0.000163159,0.001350504,0,5.82e-05
"Panthera_leo",0.22815827,0.016741353,0.003567291,0.012656522,0.092382645,0.135783553,0.000337477,0.081433892,0.215115575,0.000110982
"Mirounga_angustirostris",0.288340759,0.031162763,0.009953339,0.036685419,0.021054709,0.008364706,0,0.007368027,0.386651001,0.000187228
"Littorina_littorea",0.007880034,0.358103623,0.000821688,0,0,0.00035231,0.007085956,0,0.001011648,0.00077972
"Nestor_meridionalis",0.018229135,0.083999509,0.379043073,0.011089602,0.017262899,0.002181217,0.214145075,0.00328675,0.001030357,0.043621019
"Giraffa_camelopardalis",0.267282362,0.001067808,0.000171294,0.285719847,0.08571829,0.029474839,5.78e-05,0.018976951,5.45e-05,0.006671576
"Rhea_americana",0.386545552,0.000579924,0.000600871,0.235135874,0.160324625,0.004637184,0.000578821,0.014996428,0.000142225,4.85e-05
"Gyps_himalayensis",0.120619696,0.006577821,0.016874218,0.005585089,0.067103335,0.118770969,0.001370704,0.028922625,0.555052705,0.009246969
"Anolis_apletophallus",0.478499373,0.014891828,0.017137227,0.049646151,0.151424847,0.007326478,1.38e-05,0.014363124,0.013616781,4.14e-05
"Octopus_variabilis",3.66e-05,0.302676489,0.000199063,0,0,0,0,0,0,1.18e-05
"Pogona_vitticeps",0.384323149,0.027558325,0.000563355,0.070240184,0.179325264,0.045955466,0.000249925,0.015097927,0.010850226,0.033711191
"Loxodonta_africana",0.30199531,0.002857874,0.001757358,0.073524477,0.076140625,0.005597435,0.000953645,0.008932642,6.94e-05,0.020123433
"Longpotamon_planum",0.080987822,0.169656968,0.000238663,0.000126351,0.001294594,0.000812255,0.002083785,0.002270302,0.006605336,0.001951417
"Tenodera_angustipennis",0.251585691,0.04704637,0.085592207,0.068825898,0.035247205,0.003252559,0.002116083,0.026956197,0.041045865,0.001407431
"Propithecus_diadema",0.363626378,0.011111123,0.004855747,0.045822372,0.20389569,0.003045037,0.003304953,0.003323441,0,0.00058182
"Dryobates_pubescens",0.024539693,0.545984587,0.120832556,0.000282896,0.000800534,5.82e-05,0.007644202,0,0,0.249981441
"Lytechinus_variegatus",0.095354257,0.162775124,0.002052377,0.000550503,0.002945558,0.000532953,0.003640152,0.0057304,5.17e-05,0.001344852
"Spodoptera_exigua",6.36e-05,0.311149152,0.354458026,2.18e-05,0.000306041,0.001993352,0.026939773,3.72e-05,0,0.033787097
"Kyphosus_sydneyanus",0.268450923,0.031333347,0.001401027,0.131481041,0.128614323,6.09e-05,0,0.000318628,0,0
"Menopon_gallinae",0.000205403,0.000216913,0.043914666,0.000109784,0.000477208,0.000503769,0.000378048,0.000108899,3.63e-05,0.000519705
"Carcharodon_carcharias",0.007182137,0.055166904,0.005452956,0.000486443,0.002904456,0.000474016,0.006856362,0.000393238,0.016847973,0.028011309
"Zonotrichia_leucophrys",0.021026993,0.167722695,0.005444997,0.000337579,0.000621811,0.142589653,0.004334308,2.19e-05,6.56e-05,0.005695995
"Danaus_chrysippus",0.212948251,0.283935014,0.023049225,0.000128109,7.91e-05,0,0.01324763,8.77e-05,0,0.054779739
"Haliotis_discus",0.000373832,0.10343821,5.4e-05,0.000122868,9.59e-05,1.22e-05,7.15e-05,6.97e-05,0,0.00019258
"Agelaius_phoeniceus",0.0027255,0.447582916,0.04140466,0.001771917,0.000390335,0.002720364,0.007719397,0.019723923,0.000505039,0.007852933
"Caretta_caretta",0.150808507,0.020513049,0.114313512,0.056217432,0.138147801,0.050684833,0.001933259,0.112027376,0.042475412,0.000352877
"Vespinae",0.005677792,0.624525573,0.023197716,0.000135935,0.000222967,0,0.00267395,8.29e-06,0,0.087698256
"Cervus_elaphus",0.238452078,0.000145075,0.000797915,0.375216171,0.127837832,0.000990799,7.67e-05,0.006373427,0.00012282,1.65e-05
"Mimus_polyglottos",0.000492795,0.285925483,0.689360113,0.001306653,0.001545584,0,0.000694393,0,0,0.000276264
"Premnas_biaculeatus",0.013478947,0.281746044,0.00331284,0,4.25e-05,0.442306583,0.013547864,0.001044979,0.000478414,0.000686769
"Calotes_versicolor",0.196521607,0.073521073,0.012568611,0.082002026,0.105894997,0.00263464,0.014581961,0.007209144,0.002668878,0.020626184
"Zootoca_vivipara",0.196521607,0.073521073,0.012568611,0.082002026,0.105894997,0.00263464,0.014581961,0.007209144,0.002668878,0.020626184
"Littorina_fabalis",0.001788967,0.2804542,0.00015246,0,0,1.05e-05,0.003332214,0,0,0.000623624
"Smutsia_temminckii",0.024541243,0.090479808,0.084932519,0.019870841,0.021430456,0.362157713,0.000179387,0.133489506,0.000131902,0.000403094
"Praomys_jacksoni",0.34605363,0.013048371,0.067494964,0.147637434,0.283907165,0.000196533,0.000396185,0.000829805,0.000372008,0.00858583
"Dasyurus_hallucatus",0,0,0,0,0,0,0,0,0,0
"Anas_aucklandica",0.235748426,0.01678614,0.043222869,0.072755758,0.067023371,0.003643701,0.005398022,0.017155548,0.000867305,0.190225886
"Thryothorus_ludovicianus",3.79e-05,0.003431463,0.016762257,3.4e-05,6.72e-05,0.22407855,0.000290762,0.003478079,3.48e-05,6.32e-06
"Odobenus_rosmarus",0.031506102,0.027688153,0.000122057,0.030886749,0.012501447,0.119755551,0.006217245,0.246200534,0.487240489,0.001789707
"Rhinella_marina",0.208826433,0.182711686,3.8e-05,0.014468184,0.02783715,0.200944745,0.018208647,0.024003108,0.143209664,0.036732615
"Hermetia_illucens",0.33578439,0.165863499,0.046472037,0.005928636,0.032666256,0.000320748,0.00044606,0.000244781,0,0.000248027
"Ornithodoros_moubata",0.000212024,0.000256491,0.000285491,1.03e-05,3.54e-05,0,6.44e-05,0,8.57e-05,4.45e-05
"Spodoptera_frugiperda",0.000671819,0.242100825,0.54407109,9.69e-06,0,0,0.01992922,7.88e-06,0,0.005265511
"Apteryx_australis",0.155055104,0.090874865,0.042985727,0.123685675,0.207491828,0.00885817,0.068567672,0.026557719,0.002568914,0.002902783
"Myzus_persicae",0.013525218,0.299839341,0.007478966,0.011631753,0.011209398,0.001131032,0.382128261,0.001200694,0.000273159,0.021530207
"Eremias_argus",0.473274122,0.009274909,0.004926798,0.052114595,0.055361047,0.000119857,8.05e-05,0.003325577,2.34e-06,0.007889057
"Petromyzon_marinus",0.019170266,0.017763469,0.00057056,0.00677569,0.013344741,0.002796529,0.002138793,0.000669728,0.314697804,0.011850769
"Pteromys_volans",0.357547135,0.000224351,0.00012665,0.160127536,0.22677207,0.000915046,1.04e-05,0.003047287,0,0.00011308
"Gadus_morhua",0.070397771,0.690609853,4.66e-05,0.016461358,0.006682297,0.007125358,7.46e-06,0.001081069,0.077046022,7.84e-05
"Homo_sapiens",0.254451143,0.009273214,0.005561001,0.238369905,0.336440156,0.004812871,1.51e-05,0.012650462,1e-05,2.93e-06
"Periplaneta_americana",0.290024568,0.008082139,0.026095416,0.06498293,0.032180777,0.006500775,0.000209064,0.02281361,0.004393454,0.000701277
"Amphilophus_citrinellus",0.105384961,0.263142114,0.001437929,0.003867345,0.027905415,0.073175928,0.008193899,0.092368172,0.104847482,0.062009459
"Ateles_geoffroyi",0.329218107,0,0,0.127572016,0.448559671,0.069958848,0,0,0,0
"Babyrousa_babyrussa",0.011764706,0,0,0.076470588,0.035294118,0.111764706,0,0.464705882,0,0
"Carollia_perspicillata",0.010948905,0,0.97080292,0,0,0,0.00729927,0,0,0
"Dendroctonus_pseudotsugae",0,1,0,0,0,0,0,0,0,0
"Eulemur_mongoz",0.334532374,0,0,0.161870504,0.262589928,0.064748201,0,0.007194245,0,0
"Gazella_spekei",0.167664671,0,0,0.293413174,0.19760479,0,0,0.017964072,0,0
"Hydrochoerus_hydrochaeris",0.649681529,0.006369427,0,0.044585987,0.012738854,0,0,0.006369427,0,0
"Oncorhynchus_mykiss",0.085399449,0.016528926,0.1184573,0,0,0,0.154269972,0,0.016528926,0
"Ovis_vignei",0.194630872,0,0,0.355704698,0.147651007,0,0,0.013422819,0,0
"Pan_troglodytes",0.214592275,0,0.008583691,0.223175966,0.163090129,0.111587983,0,0,0,0
"Porichthys_myriaster",0.01179941,0.038348083,0.206489676,0,0,0,0,0,0,0
"Potamochoerus_porcus",0.085365854,0,0.280487805,0.140243902,0.195121951,0.036585366,0,0.006097561,0,0
"Pteropus_giganteus",0.096296296,0,0.022222222,0.133333333,0.081481481,0.096296296,0.325925926,0.044444444,0,0
"Salvelinus_alpinus",0.576576577,0,0.261261261,0,0,0,0,0.117117117,0,0
"Scorpaena_guttata",0.107238606,0,0,0,0,0,0.085790885,0,0,0
"Tachyglossus_aculeatus",0,0,0.962585034,0,0.010204082,0,0,0.003401361,0,0
"Thunnus_albacares",0.039344262,0.71147541,0.006557377,0,0.06557377,0,0,0,0,0.029508197
"Ursus_americanus",0,0.019736842,0.901315789,0.006578947,0,0.046052632,0,0.006578947,0,0
